Lead_ID,First_name,Last_name,Full_name,Gender,Date_of_Birth,Product_name,Product_ID,Account_Created_Date,Product_Category,faltu
LI-5592,Case,Meyer,Case Meyer,M,1990-01-12,"""Ultron""",BM-3108-tn,2020-03-09,"""Science and Technology""",0 days 00:00:30.846575342
LI-2601,Roselia,Burkart,Roselia Burkart,F,1990-02-12,"""Ultron""",RP-7792-nl,2020-04-26,"""Kitchen""",0 days 00:00:30.761643835
LI-6778,Pearl,Domesday,Pearl Domesday,F,1990-03-11,"""Ultron""",BM-5490-fb,2020-09-03,"""Science and Technology""",0 days 00:00:30.687671232
LI-0008,Giffard,Bottrell,Giffard Bottrell,M,1990-08-10,"""Ultron""",HC-2675-jh,2020-04-29,"""Science and Technology""",0 days 00:00:30.271232876
LI-3285,Gearard,McGoogan,Gearard McGoogan,M,1990-08-10,"""Ultron""",RP-4367-ky,2020-10-24,"""Kitchen""",0 days 00:00:30.271232876
LI-2823,Ashby,Rubenfeld,Ashby Rubenfeld,M,1990-10-13,"""Ultron""",RP-2970-ms,2020-06-26,"""Kitchen""",0 days 00:00:30.095890410
LI-7861,Ezri,Joffe,Ezri Joffe,M,1990-11-26,"""Ultron""",RP-5937-fb,2020-03-23,"""Science and Technology""",0 days 00:00:29.975342465
LI-1641,Saunder,Pllu,Saunder Pllu,M,1991-04-23,"""Ultron""",RP-3417-bd,2020-06-01,"""Kitchen""",0 days 00:00:29.569863013
LI-8065,Filberto,Mosco,Filberto Mosco,M,1991-06-08,"""Ultron""",BM-4147-iy,2019-03-12,"""Kitchen""",0 days 00:00:29.443835616
LI-5227,Andres,Woodham,Andres Woodham,M,1991-06-23,"""Ultron""",BM-9620-ko,2020-08-05,"""Science and Technology""",0 days 00:00:29.402739726
LI-3893,Erin,Snelling,Erin Snelling,M,1991-09-01,"""Ultron""",RP-8781-vx,2020-09-10,"""Science and Technology""",0 days 00:00:29.210958904
LI-0636,Julee,Faltin,Julee Faltin,F,1991-09-29,"""Ultron""",JS-3590-re,2020-10-14,"""Kitchen""",0 days 00:00:29.134246575
LI-5766,Graehme,Dearing,Graehme Dearing,M,1991-10-06,"""Ultron""",RP-1143-ir,2020-06-18,"""Art and Craft""",0 days 00:00:29.115068493
LI-8223,Giorgia,Davidzon,Giorgia Davidzon,F,1991-11-28,"""Ultron""",BM-7194-xo,2020-10-13,"""Kitchen""",0 days 00:00:28.969863013
LI-1265,Jayme,Riley,Jayme Riley,F,1992-01-28,"""Ultron""",BM-3821-mz,2020-01-31,"""Kitchen""",0 days 00:00:28.802739726
LI-0891,Larisa,O'Hoolahan,Larisa O'Hoolahan,F,1992-01-29,"""Ultron""",BM-4239-td,2020-07-13,"""Science and Technology""",0 days 00:00:28.800000
LI-0353,Mel,Surr,Mel Surr,F,1992-03-19,"""Ultron""",RP-3474-lk,2020-09-22,"""Art and Craft""",0 days 00:00:28.663013698
LI-7414,Nichols,Kristufek,Nichols Kristufek,M,1992-06-15,"""Ultron""",BM-5126-me,2020-09-29,"""Kitchen""",0 days 00:00:28.421917808
LI-9041,Charley,Pabel,Charley Pabel,M,1992-08-05,"""Ultron""",HC-4480-ts,2020-07-31,"""Kitchen""",0 days 00:00:28.282191780
LI-9052,Weidar,Frays,Weidar Frays,M,1992-08-28,"""Ultron""",BM-5870-ok,2020-02-08,"""Kitchen""",0 days 00:00:28.219178082
LI-7286,Binky,Turpie,Binky Turpie,M,1992-08-30,"""Ultron""",BM-0126-mf,2019-09-22,"""Science and Technology""",0 days 00:00:28.213698630
LI-4269,Antonina,Garnsworth,Antonina Garnsworth,F,1992-09-17,"""Ultron""",JS-5764-vx,2019-11-18,"""Kitchen""",0 days 00:00:28.164383561
LI-9473,Judith,Ralestone,Judith Ralestone,F,1992-10-04,"""Ultron""",BM-8185-md,2020-02-24,"""Kitchen""",0 days 00:00:28.117808219
LI-4324,Fredrika,Bwye,Fredrika Bwye,F,1992-11-05,"""Ultron""",BM-8397-fa,2019-09-14,"""Science and Technology""",0 days 00:00:28.030136986
LI-6389,Killian,Donoghue,Killian Donoghue,M,1992-12-01,"""Ultron""",RP-7200-ht,2019-12-17,"""Kitchen""",0 days 00:00:27.958904109
LI-9173,Helenka,Besson,Helenka Besson,F,1993-02-21,"""Ultron""",JS-4186-fd,2020-07-22,"""Science and Technology""",0 days 00:00:27.734246575
LI-2629,Gerald,Scudamore,Gerald Scudamore,M,1993-05-27,"""Ultron""",BM-5672-mg,2020-09-05,"""Kitchen""",0 days 00:00:27.473972602
LI-1090,Bertie,Robke,Bertie Robke,M,1993-09-15,"""Ultron""",RP-0767-gp,2019-10-10,"""Science and Technology""",0 days 00:00:27.169863013
LI-5546,Zach,Ferrucci,Zach Ferrucci,M,1994-02-05,"""Ultron""",BM-8823-nv,2019-12-13,"""Kitchen""",0 days 00:00:26.778082191
LI-3216,Francesco,Bains,Francesco Bains,M,1994-02-09,"""Ultron""",RP-5130-wu,2019-11-26,"""Science and Technology""",0 days 00:00:26.767123287
LI-4692,Dudley,Prozescky,Dudley Prozescky,M,1994-05-17,"""Ultron""",RP-4755-ip,2019-05-12,"""Kitchen""",0 days 00:00:26.501369863
LI-6165,Maryjo,Godden,Maryjo Godden,F,1994-09-24,"""Ultron""",RP-3471-px,2020-11-05,"""Science and Technology""",0 days 00:00:26.145205479
LI-1602,Brook,Waite,Brook Waite,M,1994-09-26,"""Ultron""",RP-3533-uf,2020-03-30,"""Kitchen""",0 days 00:00:26.139726027
LI-1025,Dory,Harlett,Dory Harlett,M,1994-11-25,"""Ultron""",JS-6826-yb,2020-10-29,"""Kitchen""",0 days 00:00:25.975342465
LI-7676,Marlene,Kopec,Marlene Kopec,F,1994-12-06,"""Ultron""",RP-7265-bi,2020-08-26,"""Art and Craft""",0 days 00:00:25.945205479
LI-8066,Dominic,Ambroise,Dominic Ambroise,M,1995-01-04,"""Ultron""",RP-3845-nq,2020-07-16,"""Kitchen""",0 days 00:00:25.865753424
LI-8714,Adey,De Vries,Adey De Vries,F,1995-01-13,"""Ultron""",RP-1032-sj,2020-12-01,"""Art and Craft""",0 days 00:00:25.841095890
LI-0014,Anabelle,Child,Anabelle Child,F,1995-01-14,"""Ultron""",RP-0854-db,2020-09-14,"""Art and Craft""",0 days 00:00:25.838356164
LI-3811,Olin,Doiley,Olin Doiley,M,1995-04-29,"""Ultron""",JS-6024-ot,2020-09-09,"""Art and Craft""",0 days 00:00:25.550684931
LI-1817,Duke,Ridsdale,Duke Ridsdale,M,1995-05-18,"""Ultron""",RP-1163-xg,2020-04-15,"""Kitchen""",0 days 00:00:25.498630136
LI-4958,Verla,Redferne,Verla Redferne,F,1995-08-31,"""Ultron""",BM-2995-cd,2019-11-10,"""Kitchen""",0 days 00:00:25.210958904
LI-9033,Jacquette,Broadbere,Jacquette Broadbere,F,1995-10-14,"""Ultron""",HC-0141-qr,2020-01-26,"""Art and Craft""",0 days 00:00:25.090410958
LI-6367,Kennett,Criag,Kennett Criag,M,1995-12-20,"""Ultron""",RP-5036-ei,2020-03-30,"""Kitchen""",0 days 00:00:24.906849315
LI-2202,Rowena,Friedenbach,Rowena Friedenbach,F,1996-02-19,"""Ultron""",RP-4198-ur,2020-05-25,"""Art and Craft""",0 days 00:00:24.739726027
LI-4510,Scott,Najara,Scott Najara,M,1996-02-20,"""Ultron""",BM-1270-wa,2019-12-14,"""Kitchen""",0 days 00:00:24.736986301
LI-4656,Gustavus,Janaszewski,Gustavus Janaszewski,M,1996-05-07,"""Ultron""",RP-4091-rk,2020-01-04,"""Kitchen""",0 days 00:00:24.526027397
LI-5080,Eleonore,Frugier,Eleonore Frugier,F,1996-07-03,"""Ultron""",RP-0178-js,2020-08-05,"""Kitchen""",0 days 00:00:24.369863013
LI-7100,Nelle,Heinz,Nelle Heinz,F,1996-08-17,"""Ultron""",BM-1418-sj,2019-12-30,"""Science and Technology""",0 days 00:00:24.246575342
LI-5884,Cordelie,Wedmore,Cordelie Wedmore,F,1996-08-28,"""Ultron""",BM-0362-gl,2019-08-10,"""Science and Technology""",0 days 00:00:24.216438356
LI-0840,Janeen,Kapelhoff,Janeen Kapelhoff,F,1996-12-23,"""Ultron""",RP-3630-yn,2020-06-27,"""Kitchen""",0 days 00:00:23.895890410
LI-3262,Lyell,MacCollom,Lyell MacCollom,M,1997-01-20,"""Ultron""",RP-4212-wg,2020-08-03,"""Kitchen""",0 days 00:00:23.819178082
LI-5730,Ilyse,Schonfeld,Ilyse Schonfeld,F,1997-02-16,"""Ultron""",RP-7683-at,2020-06-10,"""Kitchen""",0 days 00:00:23.745205479
LI-4915,Norbie,Derwin,Norbie Derwin,M,1997-02-18,"""Ultron""",HC-1282-pl,2020-06-09,"""Art and Craft""",0 days 00:00:23.739726027
LI-7121,Manolo,Carine,Manolo Carine,M,1997-04-03,"""Ultron""",RP-0036-al,2019-12-30,"""Art and Craft""",0 days 00:00:23.619178082
LI-4840,Hercules,Nolan,Hercules Nolan,M,1997-06-28,"""Ultron""",BM-4256-db,2020-03-07,"""Kitchen""",0 days 00:00:23.383561643
LI-7910,Arnoldo,Clemenza,Arnoldo Clemenza,M,1997-09-30,"""Ultron""",RP-1690-qz,2020-04-29,"""Kitchen""",0 days 00:00:23.126027397
LI-4212,Elwood,Samper,Elwood Samper,M,1997-10-20,"""Ultron""",BM-0499-ky,2020-07-01,"""Kitchen""",0 days 00:00:23.071232876
LI-6927,Tanny,Retchford,Tanny Retchford,M,1997-11-13,"""Ultron""",BM-6141-xn,2020-09-24,"""Science and Technology""",0 days 00:00:23.005479452
LI-5288,Dominic,Ajam,Dominic Ajam,M,1998-01-17,"""Ultron""",BM-4818-ld,2020-10-19,"""Kitchen""",0 days 00:00:22.827397260
LI-0665,Benedetta,Hebbron,Benedetta Hebbron,F,1998-01-19,"""Ultron""",RP-9019-mb,2020-05-31,"""Art and Craft""",0 days 00:00:22.821917808
LI-9344,Celestia,Goricke,Celestia Goricke,F,1998-04-09,"""Ultron""",BM-7850-ay,2019-02-10,"""Science and Technology""",0 days 00:00:22.602739726
LI-0469,Timi,Bolgar,Timi Bolgar,F,1998-07-17,"""Ultron""",BM-3946-xg,2019-12-21,"""Kitchen""",0 days 00:00:22.331506849
LI-6528,Ally,Cowthard,Ally Cowthard,F,1998-09-10,"""Ultron""",BM-6441-op,2020-09-30,"""Kitchen""",0 days 00:00:22.180821917
LI-6611,Thornton,Gemelli,Thornton Gemelli,M,1998-10-10,"""Ultron""",HC-5473-cf,2020-05-14,"""Kitchen""",0 days 00:00:22.098630136
LI-6836,Lurleen,Voisey,Lurleen Voisey,F,1998-11-22,"""Ultron""",BM-9978-nw,2019-10-30,"""Science and Technology""",0 days 00:00:21.980821917
LI-1695,Sydney,Costanza,Sydney Costanza,M,1998-11-28,"""Ultron""",BM-8915-xg,2020-03-24,"""Science and Technology""",0 days 00:00:21.964383561
LI-4210,Clarita,Nanson,Clarita Nanson,F,1998-11-29,"""Ultron""",RP-2515-pg,2019-10-14,"""Art and Craft""",0 days 00:00:21.961643835
LI-6363,Eugenia,Ells,Eugenia Ells,F,1998-12-05,"""Ultron""",RP-7747-jv,2020-05-13,"""Kitchen""",0 days 00:00:21.945205479
LI-3495,Welsh,Damp,Welsh Damp,M,1999-02-19,"""Ultron""",BM-1728-vp,2020-01-26,"""Science and Technology""",0 days 00:00:21.736986301
LI-5474,Jessa,Rehn,Jessa Rehn,F,1999-06-25,"""Ultron""",RP-3113-rh,2020-04-13,"""Science and Technology""",0 days 00:00:21.391780821
LI-9490,Verne,Kimbly,Verne Kimbly,M,1999-07-06,"""Ultron""",RP-9582-oq,2020-08-25,"""Kitchen""",0 days 00:00:21.361643835
LI-8621,Garold,Bernardinelli,Garold Bernardinelli,M,1999-08-30,"""Ultron""",HC-1658-cz,2020-06-13,"""Art and Craft""",0 days 00:00:21.210958904
LI-4162,Gardy,Martignon,Gardy Martignon,M,1999-09-07,"""Ultron""",BM-9580-ur,2020-02-14,"""Art and Craft""",0 days 00:00:21.189041095
LI-8239,Marietta,Layland,Marietta Layland,F,1999-11-10,"""Ultron""",RP-6988-cp,2020-10-19,"""Kitchen""",0 days 00:00:21.013698630
LI-8383,Tobe,Wheatcroft,Tobe Wheatcroft,F,2000-01-29,"""Ultron""",RP-1960-rb,2020-11-05,"""Kitchen""",0 days 00:00:20.794520547
LI-4580,Mortie,Noraway,Mortie Noraway,M,2000-02-06,"""Ultron""",RP-1203-iq,2020-04-05,"""Kitchen""",0 days 00:00:20.772602739
LI-9525,Hettie,Darch,Hettie Darch,F,2000-05-25,"""Ultron""",HC-6168-rc,2020-08-13,"""Art and Craft""",0 days 00:00:20.473972602
LI-7375,Barron,Kegan,Barron Kegan,M,2000-06-22,"""Ultron""",RP-8422-cy,2020-10-16,"""Science and Technology""",0 days 00:00:20.397260273
LI-9212,Marv,Binden,Marv Binden,M,2000-08-07,"""Ultron""",RP-0539-eh,2020-05-07,"""Science and Technology""",0 days 00:00:20.271232876
LI-2728,Cristobal,Wathen,Cristobal Wathen,M,2000-10-25,"""Ultron""",RP-8633-bf,2019-09-19,"""Kitchen""",0 days 00:00:20.054794520
LI-4500,Marc,Harlin,Marc Harlin,M,2001-01-22,"""Ultron""",JS-4951-jp,2019-12-14,"""Art and Craft""",0 days 00:00:19.810958904
LI-0909,Alfred,Marler,Alfred Marler,M,2001-01-28,"""Ultron""",RP-7236-dh,2020-09-18,"""Kitchen""",0 days 00:00:19.794520547
LI-9799,Wilbert,Leggat,Wilbert Leggat,M,2001-03-06,"""Ultron""",RP-7159-no,2020-01-04,"""Science and Technology""",0 days 00:00:19.693150684
LI-4538,Olag,Ortmann,Olag Ortmann,M,2001-03-06,"""Ultron""",HC-0848-pd,2020-08-21,"""Art and Craft""",0 days 00:00:19.693150684
LI-4660,Calypso,MacMillan,Calypso MacMillan,F,2001-06-14,"""Ultron""",RP-1722-zi,2020-07-08,"""Art and Craft""",0 days 00:00:19.419178082
LI-0036,Georgiana,Ferretti,Georgiana Ferretti,F,2001-07-08,"""Ultron""",JS-6127-ic,2020-07-15,"""Kitchen""",0 days 00:00:19.353424657
LI-1953,Renata,Blanque,Renata Blanque,F,2001-09-23,"""Ultron""",BM-7918-pi,2020-03-13,"""Kitchen""",0 days 00:00:19.142465753
LI-4626,Belva,Millhouse,Belva Millhouse,F,2001-10-13,"""Ultron""",BM-3038-kw,2020-01-10,"""Science and Technology""",0 days 00:00:19.087671232
LI-2852,Nollie,Maddern,Nollie Maddern,M,2002-01-04,"""Ultron""",BM-8770-ug,2020-10-14,"""Art and Craft""",0 days 00:00:18.860273972
LI-7393,Josh,Fosdike,Josh Fosdike,M,2002-03-07,"""Ultron""",JS-2099-zs,2020-10-30,"""Art and Craft""",0 days 00:00:18.690410958
LI-4315,Lynsey,Jaray,Lynsey Jaray,F,2002-03-24,"""Ultron""",BM-3285-wl,2019-11-13,"""Art and Craft""",0 days 00:00:18.643835616
LI-4106,Yancy,Huff,Yancy Huff,M,2002-03-29,"""Ultron""",RP-4505-zb,2019-02-10,"""Art and Craft""",0 days 00:00:18.630136986
LI-0517,Gerda,Crawshay,Gerda Crawshay,F,2002-09-28,"""Ultron""",BM-5616-dn,2019-12-23,"""Kitchen""",0 days 00:00:18.128767123
LI-8736,Kin,Sikora,Kin Sikora,M,2003-01-04,"""Ultron""",RP-9907-oq,2020-01-16,"""Art and Craft""",0 days 00:00:17.860273972
LI-9922,Vincents,Greenrod,Vincents Greenrod,M,2003-01-31,"""Ultron""",JS-6579-fa,2020-09-29,"""Art and Craft""",0 days 00:00:17.786301369
LI-9335,Rice,Haensel,Rice Haensel,M,2003-02-09,"""Ultron""",RP-7664-ou,2020-09-20,"""Art and Craft""",0 days 00:00:17.761643835
LI-4352,Noam,Ilyinykh,Noam Ilyinykh,M,2003-03-23,"""Ultron""",RP-3317-co,2020-07-29,"""Kitchen""",0 days 00:00:17.646575342
LI-1607,Daniella,Bolsteridge,Daniella Bolsteridge,F,2003-04-05,"""Ultron""",RP-0584-xu,2020-10-08,"""Art and Craft""",0 days 00:00:17.610958904
LI-1315,Pancho,McKilroe,Pancho McKilroe,M,2003-05-20,"""Ultron""",HC-7512-ho,2020-02-01,"""Art and Craft""",0 days 00:00:17.487671232
LI-2406,Marleen,Wanjek,Marleen Wanjek,F,2003-07-11,"""Ultron""",RP-5760-rj,2020-11-06,"""Art and Craft""",0 days 00:00:17.345205479
LI-6162,Otha,Brookbank,Otha Brookbank,F,2003-10-19,"""Ultron""",RP-3478-nt,2020-11-04,"""Science and Technology""",0 days 00:00:17.071232876
LI-8813,Penn,O'Donegan,Penn O'Donegan,M,2003-11-15,"""Ultron""",BM-7042-as,2020-10-05,"""Kitchen""",0 days 00:00:16.997260273
LI-5995,Ethelbert,Jenno,Ethelbert Jenno,M,2003-11-30,"""Ultron""",JS-2206-on,2020-05-23,"""Kitchen""",0 days 00:00:16.956164383
LI-6471,Ambrosio,Pinnick,Ambrosio Pinnick,M,2004-03-03,"""Ultron""",JS-4031-ed,2020-08-22,"""Kitchen""",0 days 00:00:16.698630136
LI-9099,Ranice,Melsom,Ranice Melsom,F,2004-05-11,"""Ultron""",BM-7072-lx,2020-08-29,"""Kitchen""",0 days 00:00:16.509589041
LI-1828,Elyse,McGiven,Elyse McGiven,F,2004-06-14,"""Ultron""",RP-8546-ob,2020-03-16,"""Kitchen""",0 days 00:00:16.416438356
LI-0299,Merola,Yosselevitch,Merola Yosselevitch,F,2004-07-18,"""Ultron""",JS-1781-bp,2020-12-09,"""Kitchen""",0 days 00:00:16.323287671
LI-1540,Junette,Bradnock,Junette Bradnock,F,2004-07-20,"""Ultron""",RP-7866-nx,2020-11-08,"""Science and Technology""",0 days 00:00:16.317808219
LI-6635,Riki,Faustian,Riki Faustian,F,2004-08-26,"""Ultron""",BM-5351-eh,2020-08-24,"""Kitchen""",0 days 00:00:16.216438356
LI-3689,Bret,Verduin,Bret Verduin,M,2004-11-21,"""Ultron""",HC-6961-ra,2020-11-07,"""Art and Craft""",0 days 00:00:15.978082191
LI-1274,Skippy,Bachmann,Skippy Bachmann,M,2004-11-28,"""Ultron""",BM-3231-vw,2019-09-30,"""Science and Technology""",0 days 00:00:15.958904109
LI-9906,Anastasie,Cathenod,Anastasie Cathenod,F,2005-01-11,"""Ultron""",BM-7055-bx,2020-05-17,"""Kitchen""",0 days 00:00:15.838356164
LI-5981,Alejandro,Pettie,Alejandro Pettie,M,2005-02-10,"""Ultron""",HC-3965-kt,2020-10-16,"""Kitchen""",0 days 00:00:15.756164383
LI-0074,Herculie,Witherup,Herculie Witherup,M,2005-04-15,"""Ultron""",JS-7003-pr,2020-06-29,"""Art and Craft""",0 days 00:00:15.580821917
LI-4268,Abel,Hemshall,Abel Hemshall,M,2005-05-20,"""Ultron""",BM-2970-qc,2020-09-05,"""Art and Craft""",0 days 00:00:15.484931506
LI-1584,Mack,O' Byrne,Mack O' Byrne,M,2005-06-27,"""Ultron""",BM-8263-mx,2020-07-20,"""Art and Craft""",0 days 00:00:15.380821917
LI-0210,Merrile,Hebner,Merrile Hebner,F,2005-07-07,"""Ultron""",RP-1762-rj,2020-02-10,"""Science and Technology""",0 days 00:00:15.353424657
LI-8535,Cherianne,Dedmam,Cherianne Dedmam,F,2005-08-14,"""Ultron""",RP-2453-bf,2020-06-21,"""Art and Craft""",0 days 00:00:15.249315068
LI-8610,Rodrick,Loachhead,Rodrick Loachhead,M,2005-10-13,"""Ultron""",RP-5441-uh,2020-03-30,"""Kitchen""",0 days 00:00:15.084931506
LI-7917,Gauthier,Antonietti,Gauthier Antonietti,M,2005-10-23,"""Ultron""",HC-2791-rd,2020-07-22,"""Kitchen""",0 days 00:00:15.057534246
LI-7427,Dalston,Elsdon,Dalston Elsdon,M,2006-02-26,"""Ultron""",BM-0791-yz,2020-05-22,"""Kitchen""",0 days 00:00:14.712328767
LI-5355,Eba,Valero,Eba Valero,F,2006-04-04,"""Ultron""",HC-2674-cv,2020-05-28,"""Art and Craft""",0 days 00:00:14.610958904
LI-5611,Kimbell,Grewar,Kimbell Grewar,M,2006-04-06,"""Ultron""",RP-5353-vk,2019-10-13,"""Kitchen""",0 days 00:00:14.605479452
LI-9097,Dick,Abrahamowitcz,Dick Abrahamowitcz,M,2006-04-06,"""Ultron""",JS-2241-zx,2020-06-24,"""Kitchen""",0 days 00:00:14.605479452
LI-7593,Ado,Gaucher,Ado Gaucher,M,2006-05-03,"""Ultron""",HC-5978-hx,2020-04-30,"""Science and Technology""",0 days 00:00:14.531506849
LI-1316,Stan,Adshed,Stan Adshed,M,2006-05-04,"""Ultron""",RP-1477-de,2020-03-25,"""Art and Craft""",0 days 00:00:14.528767123
LI-7043,Xylina,Lias,Xylina Lias,F,2006-08-03,"""Ultron""",RP-6624-xf,2019-10-27,"""Science and Technology""",0 days 00:00:14.279452054
LI-9720,Moses,Proback,Moses Proback,M,2006-09-26,"""Ultron""",BM-1983-cx,2020-09-08,"""Art and Craft""",0 days 00:00:14.131506849
LI-3591,Micky,Gilfether,Micky Gilfether,M,2006-11-02,"""Ultron""",BM-0930-qj,2020-10-16,"""Science and Technology""",0 days 00:00:14.030136986
LI-4825,Xever,Spincks,Xever Spincks,M,2006-11-27,"""Ultron""",JS-0450-jy,2020-06-15,"""Kitchen""",0 days 00:00:13.961643835
LI-1755,Hakeem,Dressell,Hakeem Dressell,M,2006-12-12,"""Ultron""",HC-5370-wp,2020-03-21,"""Art and Craft""",0 days 00:00:13.920547945
LI-7626,Gorden,Hurd,Gorden Hurd,M,2006-12-13,"""Ultron""",RP-6134-gt,2019-10-27,"""Art and Craft""",0 days 00:00:13.917808219
LI-3697,Colly,Postles,Colly Postles,F,2007-02-07,"""Ultron""",BM-3681-bd,2020-07-16,"""Kitchen""",0 days 00:00:13.764383561
LI-2547,Ashleigh,Caselli,Ashleigh Caselli,F,2007-02-23,"""Ultron""",JS-3387-hm,2019-11-30,"""Kitchen""",0 days 00:00:13.720547945
LI-0363,Emile,Ismead,Emile Ismead,M,2007-03-10,"""Ultron""",RP-0294-ks,2020-05-26,"""Science and Technology""",0 days 00:00:13.679452054
LI-5027,Fanny,Flobert,Fanny Flobert,F,2007-05-04,"""Ultron""",BM-6160-ke,2019-11-24,"""Art and Craft""",0 days 00:00:13.528767123
LI-5094,Mano,Rendle,Mano Rendle,M,2007-06-18,"""Ultron""",JS-1503-ij,2020-05-23,"""Art and Craft""",0 days 00:00:13.405479452
LI-0769,Gretal,Bamlett,Gretal Bamlett,F,2007-06-30,"""Ultron""",RP-7372-iu,2020-02-16,"""Art and Craft""",0 days 00:00:13.372602739
LI-9953,Amelina,Beatson,Amelina Beatson,F,2007-07-26,"""Ultron""",JS-9657-co,2020-01-08,"""Kitchen""",0 days 00:00:13.301369863
LI-8395,Kenon,Oiseau,Kenon Oiseau,M,2007-07-26,"""Ultron""",RP-9443-zm,2020-06-03,"""Art and Craft""",0 days 00:00:13.301369863
LI-5799,Aldridge,Pollington,Aldridge Pollington,M,2007-10-26,"""Ultron""",BM-5738-ae,2019-11-20,"""Kitchen""",0 days 00:00:13.049315068
LI-4932,Marissa,Godridge,Marissa Godridge,F,2008-02-24,"""Ultron""",JS-2464-xn,2020-05-04,"""Kitchen""",0 days 00:00:12.717808219
LI-9161,Eugenio,Habbeshaw,Eugenio Habbeshaw,M,2008-03-26,"""Ultron""",RP-9893-md,2020-08-13,"""Science and Technology""",0 days 00:00:12.632876712
LI-4323,Charisse,Merner,Charisse Merner,F,2008-05-11,"""Ultron""",JS-6481-yl,2019-09-28,"""Kitchen""",0 days 00:00:12.506849315
LI-5486,Isobel,Bloy,Isobel Bloy,F,2008-07-06,"""Ultron""",RP-3802-ip,2020-10-24,"""Kitchen""",0 days 00:00:12.353424657
LI-1483,Allen,Gyles,Allen Gyles,M,2008-10-06,"""Ultron""",HC-1513-yd,2020-01-09,"""Kitchen""",0 days 00:00:12.101369863
LI-0913,Mair,Bartlomiejczyk,Mair Bartlomiejczyk,F,2008-10-09,"""Ultron""",BM-4754-yu,2020-06-21,"""Science and Technology""",0 days 00:00:12.093150684
LI-0609,Shelbi,Franken,Shelbi Franken,F,2008-10-31,"""Ultron""",JS-4918-tl,2020-02-26,"""Kitchen""",0 days 00:00:12.032876712
LI-7296,Allie,O'Farrell,Allie O'Farrell,F,2008-11-22,"""Ultron""",RP-3476-ci,2020-05-15,"""Kitchen""",0 days 00:00:11.972602739
LI-8734,Reginauld,Freake,Reginauld Freake,M,2008-12-30,"""Ultron""",RP-9026-ck,2020-09-24,"""Science and Technology""",0 days 00:00:11.868493150
LI-3397,Lauren,MacKellen,Lauren MacKellen,M,2009-01-20,"""Ultron""",HC-5636-ci,2019-11-30,"""Kitchen""",0 days 00:00:11.810958904
LI-4876,Rosabelle,Kopman,Rosabelle Kopman,F,2009-05-13,"""Ultron""",RP-6248-jm,2019-02-12,"""Art and Craft""",0 days 00:00:11.501369863
LI-6325,Jill,Allenby,Jill Allenby,F,2009-07-04,"""Ultron""",BM-1170-xe,2019-08-11,"""Science and Technology""",0 days 00:00:11.358904109
LI-6909,Lindsey,Muckian,Lindsey Muckian,M,2009-08-06,"""Ultron""",RP-3549-hx,2019-12-31,"""Science and Technology""",0 days 00:00:11.268493150
LI-9034,Maudie,Harkness,Maudie Harkness,F,2009-09-28,"""Ultron""",RP-8416-xb,2019-09-16,"""Kitchen""",0 days 00:00:11.123287671
LI-4385,Mechelle,Braisby,Mechelle Braisby,F,2009-10-17,"""Ultron""",RP-0241-ul,2020-02-15,"""Kitchen""",0 days 00:00:11.071232876
LI-8448,Juanita,Girling,Juanita Girling,F,2009-10-30,"""Ultron""",BM-5865-dq,2020-03-27,"""Kitchen""",0 days 00:00:11.035616438
LI-6569,Galvin,Verdun,Galvin Verdun,M,2009-12-24,"""Ultron""",JS-1659-aw,2020-07-07,"""Kitchen""",0 days 00:00:10.884931506
LI-2813,Rem,Lemm,Rem Lemm,M,2010-04-13,"""Ultron""",RP-9640-yq,2019-12-27,"""Science and Technology""",0 days 00:00:10.583561643
LI-7889,Arlin,Becconsall,Arlin Becconsall,M,2010-05-26,"""Ultron""",HC-6620-vi,2020-06-17,"""Science and Technology""",0 days 00:00:10.465753424
LI-0464,Maisey,Pigdon,Maisey Pigdon,F,2010-08-15,"""Ultron""",RP-3618-vg,2019-06-10,"""Kitchen""",0 days 00:00:10.243835616
LI-6697,Sheela,Dunstall,Sheela Dunstall,F,2010-08-15,"""Ultron""",BM-5016-ma,2020-11-04,"""Art and Craft""",0 days 00:00:10.243835616
LI-3075,Kingsley,Chaffer,Kingsley Chaffer,M,2011-02-22,"""Ultron""",BM-2879-px,2020-06-16,"""Kitchen""",0 days 00:00:09.720547945
LI-3913,Candide,Ferronier,Candide Ferronier,F,2011-09-12,"""Ultron""",RP-2863-cu,2020-06-17,"""Kitchen""",0 days 00:00:09.167123287
LI-7958,Georgiana,Gilks,Georgiana Gilks,F,2011-09-29,"""Ultron""",RP-9903-el,2020-09-07,"""Science and Technology""",0 days 00:00:09.120547945
LI-3505,Alberta,Marielle,Alberta Marielle,F,2011-10-08,"""Ultron""",JS-9262-os,2020-03-01,"""Art and Craft""",0 days 00:00:09.095890410
LI-1335,Timmi,Dowgill,Timmi Dowgill,F,2012-02-13,"""Ultron""",RP-4721-qs,2020-07-01,"""Kitchen""",0 days 00:00:08.745205479
LI-6655,Niki,Muro,Niki Muro,M,2012-03-05,"""Ultron""",HC-0965-ej,2020-06-08,"""Kitchen""",0 days 00:00:08.687671232
LI-7742,Uriah,Richten,Uriah Richten,M,2012-03-14,"""Ultron""",BM-1656-zb,2020-01-27,"""Kitchen""",0 days 00:00:08.663013698
LI-9850,Janenna,Anglish,Janenna Anglish,F,2012-05-20,"""Ultron""",RP-9430-mh,2019-09-24,"""Kitchen""",0 days 00:00:08.479452054
LI-0286,Nehemiah,Hawney,Nehemiah Hawney,M,2012-08-10,"""Ultron""",RP-3089-ku,2019-12-28,"""Kitchen""",0 days 00:00:08.254794520
LI-2605,Russ,Simonassi,Russ Simonassi,M,2012-08-25,"""Ultron""",RP-6323-te,2019-09-19,"""Art and Craft""",0 days 00:00:08.213698630
LI-1502,Theresina,Hawley,Theresina Hawley,F,2012-11-03,"""Ultron""",RP-8909-zy,2020-09-05,"""Kitchen""",0 days 00:00:08.021917808
LI-4757,Budd,Rosso,Budd Rosso,M,2013-01-06,"""Ultron""",BM-5186-uq,2019-10-20,"""Art and Craft""",0 days 00:00:07.846575342
LI-9252,Floris,Withringten,Floris Withringten,F,2013-02-12,"""Ultron""",RP-9066-bo,2020-03-09,"""Science and Technology""",0 days 00:00:07.745205479
LI-2776,Claresta,Mollen,Claresta Mollen,F,2013-03-19,"""Ultron""",JS-8106-kz,2020-01-21,"""Art and Craft""",0 days 00:00:07.649315068
LI-0465,Chiquia,O' Clovan,Chiquia O' Clovan,F,2013-05-03,"""Ultron""",RP-6396-ap,2020-06-22,"""Kitchen""",0 days 00:00:07.526027397
LI-0129,Dame,Witterick,Dame Witterick,M,2013-07-20,"""Ultron""",RP-2233-pk,2020-07-15,"""Kitchen""",0 days 00:00:07.312328767
LI-5223,Nanci,Edwardson,Nanci Edwardson,F,2013-08-18,"""Ultron""",RP-0915-of,2019-01-10,"""Art and Craft""",0 days 00:00:07.232876712
LI-1361,Miriam,Cross,Miriam Cross,F,2013-09-23,"""Ultron""",RP-1649-zb,2020-04-26,"""Science and Technology""",0 days 00:00:07.134246575
LI-3336,Gardiner,Vial,Gardiner Vial,M,2013-09-28,"""Ultron""",RP-7662-pk,2019-11-21,"""Kitchen""",0 days 00:00:07.120547945
LI-5452,Aubine,Gregs,Aubine Gregs,F,2014-01-13,"""Ultron""",RP-2149-lk,2020-06-15,"""Science and Technology""",0 days 00:00:06.827397260
LI-2422,Laverne,McGrah,Laverne McGrah,F,2014-02-05,"""Ultron""",RP-4212-xl,2019-12-29,"""Kitchen""",0 days 00:00:06.764383561
LI-2388,Rowena,McGrayle,Rowena McGrayle,F,2014-02-27,"""Ultron""",RP-7556-yv,2020-10-06,"""Kitchen""",0 days 00:00:06.704109589
LI-3353,Vlad,Jeanes,Vlad Jeanes,M,2014-03-25,"""Ultron""",RP-2652-uj,2020-01-13,"""Science and Technology""",0 days 00:00:06.632876712
LI-7282,Ryann,Alflatt,Ryann Alflatt,F,2014-04-05,"""Ultron""",RP-4143-yf,2020-04-10,"""Kitchen""",0 days 00:00:06.602739726
LI-3585,Odie,Gerault,Odie Gerault,M,2014-06-15,"""Ultron""",HC-0613-fy,2019-12-28,"""Science and Technology""",0 days 00:00:06.408219178
LI-8830,Deane,Camber,Deane Camber,F,2014-07-06,"""Ultron""",HC-9148-iu,2019-09-28,"""Kitchen""",0 days 00:00:06.350684931
LI-9693,Sigismondo,Kryska,Sigismondo Kryska,M,2014-08-15,"""Ultron""",RP-0127-lr,2020-07-29,"""Science and Technology""",0 days 00:00:06.241095890
LI-0622,Randy,Sweetzer,Randy Sweetzer,M,2014-10-24,"""Ultron""",RP-6949-dw,2019-06-10,"""Science and Technology""",0 days 00:00:06.049315068
LI-2493,Caz,Eagling,Caz Eagling,M,2014-11-12,"""Ultron""",BM-6978-ao,2020-07-14,"""Kitchen""",0 days 00:00:05.997260273
LI-2037,Giordano,Gascar,Giordano Gascar,M,2014-11-14,"""Ultron""",RP-6665-rw,2020-03-06,"""Kitchen""",0 days 00:00:05.991780821
LI-4348,Erl,Gleed,Erl Gleed,M,2014-11-22,"""Ultron""",RP-5208-fa,2020-09-10,"""Kitchen""",0 days 00:00:05.969863013
LI-7780,Morten,Spalls,Morten Spalls,M,2015-01-22,"""Ultron""",BM-1982-sr,2020-08-30,"""Art and Craft""",0 days 00:00:05.802739726
LI-7904,Alasteir,Causton,Alasteir Causton,M,2015-04-20,"""Ultron""",BM-5574-mw,2020-01-17,"""Science and Technology""",0 days 00:00:05.561643835
LI-6047,Barbee,Foystone,Barbee Foystone,F,2015-08-31,"""Ultron""",RP-6920-lf,2020-07-10,"""Kitchen""",0 days 00:00:05.197260273
LI-6974,Adolph,Chetwynd,Adolph Chetwynd,M,2015-09-09,"""Ultron""",HC-7656-za,2020-02-15,"""Art and Craft""",0 days 00:00:05.172602739
LI-6051,Griffie,Gowman,Griffie Gowman,M,2015-09-12,"""Ultron""",RP-1299-ct,2019-04-11,"""Kitchen""",0 days 00:00:05.164383561
LI-1446,Olenka,Augie,Olenka Augie,F,2015-09-18,"""Ultron""",RP-8660-gx,2020-05-06,"""Kitchen""",0 days 00:00:05.147945205
LI-2860,Arturo,Bummfrey,Arturo Bummfrey,M,2015-10-04,"""Ultron""",RP-4150-en,2020-08-29,"""Science and Technology""",0 days 00:00:05.104109589
LI-5640,Cello,Mulheron,Cello Mulheron,M,2015-12-09,"""Ultron""",JS-6013-vq,2020-07-17,"""Science and Technology""",0 days 00:00:04.923287671
LI-6843,Ethe,Eliyahu,Ethe Eliyahu,M,2016-01-13,"""Ultron""",JS-8867-ib,2020-08-08,"""Kitchen""",0 days 00:00:04.827397260
LI-4536,Garrek,Ortas,Garrek Ortas,M,2016-04-08,"""Ultron""",JS-2085-oz,2020-02-27,"""Kitchen""",0 days 00:00:04.591780821
LI-8681,Mitzi,Raymont,Mitzi Raymont,F,2016-05-02,"""Ultron""",RP-7907-cm,2019-05-11,"""Kitchen""",0 days 00:00:04.526027397
LI-8860,Mitchel,Mulhall,Mitchel Mulhall,M,2016-05-17,"""Ultron""",BM-8640-pc,2020-07-13,"""Kitchen""",0 days 00:00:04.484931506
LI-3872,Bryan,Crockford,Bryan Crockford,M,2016-09-30,"""Ultron""",RP-7612-rk,2020-05-18,"""Kitchen""",0 days 00:00:04.112328767
LI-8651,Sue,Garraway,Sue Garraway,F,2016-11-18,"""Ultron""",JS-5156-vy,2020-07-23,"""Science and Technology""",0 days 00:00:03.978082191
LI-2862,Minna,Stafford,Minna Stafford,F,2017-01-10,"""Ultron""",JS-0394-mr,2019-12-24,"""Science and Technology""",0 days 00:00:03.832876712
LI-1362,Gun,Harbord,Gun Harbord,M,2017-02-05,"""Ultron""",BM-9780-gz,2020-03-06,"""Science and Technology""",0 days 00:00:03.761643835
LI-3243,Kerstin,Gendricke,Kerstin Gendricke,F,2017-04-28,"""Ultron""",BM-8532-re,2020-10-03,"""Kitchen""",0 days 00:00:03.536986301
LI-6621,Lacie,Stigger,Lacie Stigger,F,2017-06-11,"""Ultron""",RP-8760-su,2020-05-30,"""Art and Craft""",0 days 00:00:03.416438356
LI-0491,Bert,Rizzello,Bert Rizzello,M,2017-10-07,"""Ultron""",RP-9003-ju,2020-04-29,"""Art and Craft""",0 days 00:00:03.093150684
LI-8477,Eugen,Thaine,Eugen Thaine,M,2018-02-01,"""Ultron""",HC-3574-fs,2020-05-15,"""Kitchen""",0 days 00:00:02.772602739
LI-8587,Vallie,Samarth,Vallie Samarth,F,2018-03-06,"""Ultron""",HC-8913-as,2020-02-25,"""Kitchen""",0 days 00:00:02.682191780
LI-2149,Alonso,Callcott,Alonso Callcott,M,2018-03-21,"""Ultron""",RP-7352-dr,2019-11-28,"""Art and Craft""",0 days 00:00:02.641095890
LI-7018,Davina,Fridaye,Davina Fridaye,F,2018-06-22,"""Ultron""",RP-3049-oj,2020-09-14,"""Science and Technology""",0 days 00:00:02.386301369
LI-9604,Adham,Tallant,Adham Tallant,M,2018-08-05,"""Ultron""",RP-3325-sm,2020-05-16,"""Kitchen""",0 days 00:00:02.265753424
LI-7430,Oralee,Norree,Oralee Norree,F,2018-08-10,"""Ultron""",BM-1667-te,2019-11-11,"""Kitchen""",0 days 00:00:02.252054794
LI-9662,Elisabeth,Brenton,Elisabeth Brenton,F,2018-08-26,"""Ultron""",RP-5037-lr,2019-09-26,"""Science and Technology""",0 days 00:00:02.208219178
LI-7205,Liuka,Lindblad,Liuka Lindblad,F,2018-10-23,"""Ultron""",RP-9392-ty,2020-11-04,"""Kitchen""",0 days 00:00:02.049315068
LI-6927,Winne,Tripon,Winne Tripon,F,2018-11-01,"""Ultron""",RP-9767-hm,2020-05-22,"""Kitchen""",0 days 00:00:02.024657534
LI-1225,Collin,Cotty,Collin Cotty,M,2019-01-21,"""Ultron""",RP-3226-ko,2020-09-24,"""Kitchen""",0 days 00:00:01.802739726
LI-4949,Michael,Brennenstuhl,Michael Brennenstuhl,M,2019-04-20,"""Ultron""",JS-2155-pf,2020-10-21,"""Kitchen""",0 days 00:00:01.558904109
LI-0830,Anneliese,Redmile,Anneliese Redmile,F,2019-05-06,"""Ultron""",HC-4148-um,2020-04-15,"""Art and Craft""",0 days 00:00:01.515068493
LI-1903,Pincas,Commusso,Pincas Commusso,M,2019-07-28,"""Ultron""",BM-5585-kv,2019-08-11,"""Kitchen""",0 days 00:00:01.287671232
LI-2727,Alley,Artz,Alley Artz,M,2019-08-04,"""Ultron""",JS-3058-qx,2020-04-23,"""Art and Craft""",0 days 00:00:01.268493150
LI-3843,Sibley,Surgison,Sibley Surgison,F,2019-10-17,"""Ultron""",RP-9382-vz,2020-11-08,"""Science and Technology""",0 days 00:00:01.065753424
LI-7062,Robby,Corker,Robby Corker,M,2019-12-11,"""Ultron""",HC-2431-qh,2020-01-27,"""Kitchen""",0 days 00:00:00.915068493
LI-5130,Zsa zsa,Biasotti,Zsa zsa Biasotti,F,2020-03-25,"""Ultron""",JS-8929-dq,2019-05-10,"""Science and Technology""",0 days 00:00:00.627397260
