Lead_ID,First_name,Last_name,Full_Name,Date_of_Birth,Account_Created_On,Product_Category,Product_Name,Product_ID
LI-0452-19,Tommie,Yezafovich,Tommie Yezafovich,13/03/1997,01/08/2020,Mystery Kit,Agyrap-S,HC-716007
LI-7548-45,Yalonda,Argyle,Yalonda Argyle,27/08/2005,04/09/2020,Knitting,Agyrap-S,BF-090744
LI-6276-61,Jojo,Seven,Jojo Seven,26/07/2006,24/04/2020,Mystery Kit,Anhee-C,RP-575308
LI-9973-88,Freddy,Pallister,Freddy Pallister,31/10/1997,16/12/2019,Mystery Kit,Apollo,BF-712266
LI-2399-16,Nicolis,Ranald,Nicolis Ranald,31/03/2001,23/10/2020,Mystery Kit,Agyrap-S,HC-945171
LI-7336-44,Ashly,Messitt,Ashly Messitt,31/12/2002,14/04/2020,Craft,Apollo,RP-173171
LI-0070-89,Modestine,Nockalls,Modestine Nockalls,27/10/2006,29/03/2020,Mystery Kit,Anhee-C,HC-002176
LI-3492-05,Frannie,Biaggelli,Frannie Biaggelli,10/03/2005,07/02/2020,Knitting,Agyrap-S,HC-544855
LI-7840-81,Joseph,McMenamin,Joseph McMenamin,10/03/1995,19/03/2020,Painting,Agyrap-S,BF-093778
LI-8166-37,Sigfrid,Byng,Sigfrid Byng,23/04/1995,17/09/2020,Food & wine,Agyrap-S,JS-025282
LI-3906-12,Emmett,Grocott,Emmett Grocott,26/04/2002,02/04/2020,Craft,Anhee-C,RP-112347
LI-0490-23,Haily,Slowan,Haily Slowan,06/11/2005,18/02/2020,Mystery Kit,Anhee-C,BF-375104
LI-5429-73,Andris,Rainton,Andris Rainton,04/09/2004,05/11/2019,Knitting,Agyrap-S,BF-215852
LI-5593-22,Luciano,Doumerque,Luciano Doumerque,06/05/1999,15/03/2020,Mystery Kit,Agyrap-S,BF-060467
LI-4139-93,Artemas,Senchenko,Artemas Senchenko,24/02/2000,20/08/2020,Mystery Kit,Apollo,JS-206479
LI-5963-92,Nevil,Von Hindenburg,Nevil Von Hindenburg,14/03/1997,13/12/2019,Mystery Kit,Phoenix,BF-039739
LI-3096-98,Annalise,Kilford,Annalise Kilford,08/04/2005,19/07/2020,Mystery Kit,Agyrap-S,BF-734147
LI-1979-00,Hillard,Wardle,Hillard Wardle,25/01/1998,02/07/2020,Knitting,Mark 50,JS-870091
LI-4313-90,Genni,Relfe,Genni Relfe,09/01/2005,23/12/2019,Painting,Agyrap-S,HC-811744
LI-2192-53,Gale,Beckworth,Gale Beckworth,15/07/2006,03/01/2020,Mystery Kit,Apollo,RP-537972
LI-5258-54,Christabella,Grix,Christabella Grix,09/10/2004,11/06/2020,Food & wine,Agyrap-S,BF-790146
LI-9230-57,Shepperd,De Hoogh,Shepperd De Hoogh,01/10/2000,05/11/2019,Knitting,Agyrap-S,BF-267328
LI-1369-26,Felicia,McCaughen,Felicia McCaughen,15/12/1996,07/12/2019,Kids,Agyrap-S,BF-218582
LI-4048-65,Kippie,Petroselli,Kippie Petroselli,21/07/2004,12/12/2019,Knitting,Aurora,BF-724466
LI-0799-90,Max,Van Son,Max Van Son,19/01/2004,20/11/2019,Knitting,Aurora,HC-380118
LI-7348-77,Irita,Leeburn,Irita Leeburn,29/01/2001,25/10/2020,Mystery Kit,Anhee-C,BF-204429
LI-8773-15,Orion,Ostick,Orion Ostick,25/12/1996,05/06/2020,Knitting,Agyrap-S,RP-516927
LI-0175-07,Morley,Burth,Morley Burth,24/02/2006,25/12/2019,Painting,Apollo,HC-572560
LI-6799-80,Ethelbert,Vergo,Ethelbert Vergo,22/02/1996,19/09/2020,Knitting,Agyrap-S,HC-739123
LI-5844-04,Saunderson,Puddan,Saunderson Puddan,15/07/2003,14/10/2020,Painting,Agyrap-S,RP-120309
LI-4471-46,Smith,Baudoux,Smith Baudoux,27/10/1996,19/08/2020,Mystery Kit,Apollo,JS-126858
LI-4480-54,Somerset,Salazar,Somerset Salazar,07/09/2002,19/03/2020,Knitting,Apollo,HC-815704
LI-4580-28,Romain,Maddams,Romain Maddams,05/12/2000,28/07/2020,Painting,Agyrap-S,RP-942402
LI-6752-61,Sukey,Dinsey,Sukey Dinsey,05/11/1998,27/09/2020,Knitting,Apollo,BF-088658
LI-9141-95,Kennan,Dunkerly,Kennan Dunkerly,08/03/1997,15/10/2020,Food & wine,Agyrap-S,HC-680291
LI-5332-50,Rafaellle,Rodbourne,Rafaellle Rodbourne,15/09/2005,30/06/2020,Knitting,Agyrap-S,BF-740874
LI-3923-99,Sam,Jollie,Sam Jollie,22/10/2007,24/12/2019,Mystery Kit,Agyrap-S,BF-262797
LI-8461-88,Garald,Spuffard,Garald Spuffard,15/12/2006,07/10/2020,Mystery Kit,Agyrap-S,HC-788537
LI-3902-86,Barrett,Draijer,Barrett Draijer,17/12/1998,03/02/2020,Knitting,Agyrap-S,JS-595659
LI-4061-14,Beitris,Naisbit,Beitris Naisbit,29/09/2001,28/11/2019,Mystery Kit,Apollo,BF-629944
LI-1493-06,Dennet,Bartolini,Dennet Bartolini,04/09/1999,20/07/2020,Mystery Kit,Apollo,RP-704699
LI-2159-76,Ryun,Unstead,Ryun Unstead,21/05/2001,07/06/2020,Knitting,Aurora,RP-608316
LI-7105-78,Fidelio,Dargue,Fidelio Dargue,20/10/1999,09/09/2020,Knitting,Apollo,BF-307679
LI-8857-04,Cathy,Samples,Cathy Samples,02/09/2005,15/10/2020,Mystery Kit,Aurora,JS-542845
LI-5088-30,Nadya,Flounders,Nadya Flounders,30/05/1998,01/07/2020,Mystery Kit,Proxima-C,BF-022325
LI-7119-84,Leonore,Mallalieu,Leonore Mallalieu,04/10/2006,14/01/2020,Knitting,Agyrap-S,RP-765140
LI-1491-99,Say,Craigmile,Say Craigmile,08/10/2000,22/10/2020,Knitting,Agyrap-S,HC-610341
LI-2006-51,Wylie,Kevane,Wylie Kevane,02/11/1998,27/03/2020,Mystery Kit,Apollo,BF-346030
LI-1843-91,Ronnie,Milby,Ronnie Milby,04/04/2005,30/06/2020,Painting,Agyrap-S,BF-490276
LI-2836-81,Jacqueline,McConnel,Jacqueline McConnel,15/11/2000,28/04/2020,Mystery Kit,Agyrap-S,JS-502510
LI-7773-09,Nara,Beresford,Nara Beresford,20/07/2002,12/04/2020,Knitting,Phoenix,HC-146819
LI-1404-83,Dalenna,Davydzenko,Dalenna Davydzenko,14/06/2003,18/03/2020,Knitting,Agyrap-S,BF-334324
LI-5815-22,Isabel,Milmore,Isabel Milmore,14/03/1997,01/07/2020,Knitting,Agyrap-S,BF-701370
LI-7380-53,Jessee,Keets,Jessee Keets,28/06/1996,28/03/2020,Mystery Kit,Anhee-C,RP-513270
LI-0916-89,Lil,Ayliff,Lil Ayliff,09/11/1999,25/01/2020,Mystery Kit,Apollo,BF-386403
LI-9430-32,Tani,Rollings,Tani Rollings,21/01/2000,16/06/2020,Mystery Kit,Anhee-C,JS-762978
LI-9967-81,Neda,Bransden,Neda Bransden,20/01/2007,05/11/2019,Mystery Kit,Agyrap-S,HC-625824
LI-1945-08,Regan,Brockett,Regan Brockett,10/12/1998,16/12/2019,Mystery Kit,Anhee-C,RP-971559
LI-1023-27,Celestyna,Bean,Celestyna Bean,05/11/2001,08/02/2020,Mystery Kit,Agyrap-S,BF-291102
LI-9682-20,Gabby,Stellman,Gabby Stellman,23/11/1997,08/08/2020,Craft,Agyrap-S,BF-094073
LI-5550-89,Katharyn,Tilly,Katharyn Tilly,01/04/1999,01/05/2020,Knitting,Agyrap-S,BF-226008
LI-7519-98,Gothart,Tassell,Gothart Tassell,31/07/1998,12/06/2020,Mystery Kit,Anhee-C,BF-256104
LI-0724-54,Amelita,Sine,Amelita Sine,19/02/1995,08/08/2020,Food & wine,Agyrap-S,BF-415530
LI-5796-36,Kipper,Clampe,Kipper Clampe,30/07/2005,13/09/2020,Mystery Kit,Apollo,BF-722517
LI-6951-30,Caro,Remer,Caro Remer,03/02/2000,27/04/2020,Painting,Agyrap-S,RP-880390
LI-1099-71,Melly,Boydle,Melly Boydle,02/02/1997,18/08/2020,Mystery Kit,Phoenix,RP-982573
LI-0606-23,Daniele,Wheldon,Daniele Wheldon,04/02/2001,22/04/2020,Craft,Phoenix,BF-341226
LI-3926-93,Granny,Boulter,Granny Boulter,26/09/2004,25/12/2019,Mystery Kit,Agyrap-S,RP-493283
LI-8842-92,Lulita,Mendel,Lulita Mendel,19/07/2000,08/06/2020,Knitting,Apollo,BF-102439
LI-1104-20,Evan,Shevlin,Evan Shevlin,11/11/2002,03/05/2020,Mystery Kit,Agyrap-S,JS-562859
LI-5512-57,Creight,Leguey,Creight Leguey,08/01/2005,07/03/2020,Mystery Kit,Anhee-C,RP-223735
LI-0905-90,Lisha,Hukins,Lisha Hukins,07/09/2004,13/05/2020,Mystery Kit,Agyrap-S,JS-551865
LI-5833-65,Georgianne,Duffit,Georgianne Duffit,18/07/1998,21/09/2020,Knitting,Agyrap-S,BF-968157
LI-4969-21,Maddie,Carlisle,Maddie Carlisle,12/03/2001,13/05/2020,Mystery Kit,Agyrap-S,JS-040850
LI-2086-24,Sheila,Domengue,Sheila Domengue,12/05/1996,02/05/2020,Knitting,Apollo,BF-235592
LI-5409-62,Chere,Valente,Chere Valente,08/09/2003,06/02/2020,Craft,Agyrap-S,BF-813053
LI-5325-93,Dorrie,Worland,Dorrie Worland,13/05/2001,31/07/2020,Mystery Kit,Agyrap-S,JS-853271
LI-1046-76,Guendolen,Dawtry,Guendolen Dawtry,08/01/2004,12/09/2020,Painting,Agyrap-S,RP-003266
LI-2174-05,Paula,Paolotto,Paula Paolotto,06/07/2007,26/12/2019,Mystery Kit,Apollo,HC-777668
LI-7673-53,Joel,McGeorge,Joel McGeorge,03/01/2007,08/10/2020,Food & wine,Apollo,BF-918354
LI-8768-31,Fredrick,Haw,Fredrick Haw,30/05/1995,27/11/2019,Mystery Kit,Anhee-C,BF-807282
LI-7988-55,Xerxes,Shevill,Xerxes Shevill,14/05/2002,22/03/2020,Mystery Kit,Agyrap-S,BF-095181
LI-1575-65,Shelden,Attoe,Shelden Attoe,27/01/2000,27/12/2019,Mystery Kit,Sirius,BF-732766
LI-4704-90,Drew,Atthowe,Drew Atthowe,14/01/1997,26/01/2020,Mystery Kit,Agyrap-S,RP-029831
LI-7320-78,Antoine,Caramuscia,Antoine Caramuscia,05/12/2001,04/03/2020,Mystery Kit,Anhee-C,HC-955266
LI-3296-00,Cristal,Boorne,Cristal Boorne,15/02/2000,10/04/2020,Mystery Kit,Agyrap-S,BF-247056
LI-5980-54,Rutger,Roger,Rutger Roger,19/04/2007,18/06/2020,Mystery Kit,Proxima-C,HC-361469
LI-0892-23,Kary,Rostron,Kary Rostron,19/10/1999,18/05/2020,Mystery Kit,Aurora,JS-207598
LI-8974-24,Viole,Di Ruggero,Viole Di Ruggero,08/03/2006,15/10/2020,Mystery Kit,Apollo,BF-836291
LI-1378-75,Fiona,Waddam,Fiona Waddam,04/03/2001,24/03/2020,Knitting,Anhee-C,BF-737688
LI-5328-47,Tiffie,Janda,Tiffie Janda,12/01/2003,22/09/2020,Knitting,Agyrap-S,BF-718650
LI-4358-45,Jarrett,Veeler,Jarrett Veeler,07/01/1998,24/05/2020,Mystery Kit,Phoenix,BF-935277
LI-9002-63,Bette,Barnshaw,Bette Barnshaw,12/10/2005,20/08/2020,Painting,Aurora,BF-952180
LI-8745-84,Gussy,Balmadier,Gussy Balmadier,19/11/1997,24/03/2020,Mystery Kit,Agyrap-S,BF-704101
LI-7610-78,Winslow,Duffan,Winslow Duffan,08/12/2004,27/05/2020,Mystery Kit,Agyrap-S,HC-323257
LI-4575-97,Ruthe,Hiscoke,Ruthe Hiscoke,05/08/2005,31/05/2020,Mystery Kit,Agyrap-S,BF-624075
LI-5177-63,Georgena,Yitshak,Georgena Yitshak,24/12/1995,12/02/2020,Mystery Kit,Apollo,RP-242570
LI-4500-83,Hamel,Aldwinckle,Hamel Aldwinckle,07/09/2005,05/03/2020,Mystery Kit,Agyrap-S,BF-427490
LI-6805-85,Lu,Ivanovic,Lu Ivanovic,16/02/1998,15/11/2019,Mystery Kit,Apollo,RP-407293
LI-4076-29,Yuri,Thornton,Yuri Thornton,07/07/2005,22/04/2020,Knitting,Agyrap-S,RP-465916
LI-8798-99,Myrle,MacKnocker,Myrle MacKnocker,16/05/2006,26/04/2020,Mystery Kit,Apollo,HC-805489
LI-8229-57,Kristofor,Phinnis,Kristofor Phinnis,29/11/2005,12/02/2020,Mystery Kit,Apollo,BF-802171
LI-8606-73,Nobie,Catterson,Nobie Catterson,23/07/1998,13/09/2020,Painting,Apollo,BF-397638
LI-6308-03,Alanah,Rosevear,Alanah Rosevear,05/04/1999,23/03/2020,Mystery Kit,Anhee-C,HC-609052
LI-1739-91,Gannie,Stock,Gannie Stock,24/10/1997,26/08/2020,Painting,Anhee-C,HC-728870
LI-9259-81,Trixy,Hattersley,Trixy Hattersley,16/07/1998,21/04/2020,Knitting,Agyrap-S,RP-085377
LI-3275-78,Kellen,Botwood,Kellen Botwood,17/07/1995,18/07/2020,Painting,Agyrap-S,HC-127605
LI-1759-00,Sayre,Yacobsohn,Sayre Yacobsohn,08/12/1997,01/01/2020,Food & wine,Agyrap-S,HC-147632
LI-3728-03,Burtie,Messam,Burtie Messam,11/12/1996,23/02/2020,Mystery Kit,Agyrap-S,BF-166191
LI-8006-26,Lloyd,Purvey,Lloyd Purvey,16/11/2006,23/04/2020,Mystery Kit,Agyrap-S,HC-968348
LI-8881-32,Myron,Eaglesham,Myron Eaglesham,26/09/1999,01/06/2020,Mystery Kit,Anhee-C,JS-339323
LI-6934-55,Peder,Simla,Peder Simla,26/02/2004,24/08/2020,Mystery Kit,Agyrap-S,HC-107611
LI-7163-74,Gates,Joinsey,Gates Joinsey,12/02/2005,15/05/2020,Mystery Kit,Anhee-C,BF-827309
LI-5510-11,Blake,Hendron,Blake Hendron,28/05/1999,15/03/2020,Mystery Kit,Sirius,HC-639304
LI-1359-08,Daria,Titcumb,Daria Titcumb,09/10/2002,16/03/2020,Mystery Kit,Agyrap-S,BF-470246
LI-6907-57,Kacey,von Hagt,Kacey von Hagt,21/04/2003,05/06/2020,Knitting,Agyrap-S,BF-765098
LI-8794-50,Mattie,Schlagh,Mattie Schlagh,25/06/1995,02/10/2020,Painting,Agyrap-S,BF-922472
LI-9560-63,Verile,Guslon,Verile Guslon,19/06/2000,24/08/2020,Mystery Kit,Agyrap-S,HC-215872
LI-2989-76,Jeannie,Courtin,Jeannie Courtin,11/09/2001,05/09/2020,Painting,Agyrap-S,JS-017466
LI-4959-25,Rosco,Thewles,Rosco Thewles,22/05/1995,06/12/2019,Mystery Kit,Agyrap-S,JS-062369
LI-8481-28,Jsandye,Brisley,Jsandye Brisley,10/01/2003,19/07/2020,Mystery Kit,Anhee-C,RP-690273
LI-6385-07,Amye,Barfoot,Amye Barfoot,14/03/1996,04/12/2019,Craft,Agyrap-S,BF-522229
LI-4725-21,Grantham,Rickards,Grantham Rickards,22/03/1999,10/02/2020,Mystery Kit,Proxima-C,HC-379562
LI-5943-55,Ari,Robak,Ari Robak,06/11/2001,31/05/2020,Knitting,Apollo,JS-539413
LI-8375-65,Clerkclaude,Croster,Clerkclaude Croster,11/11/1995,21/02/2020,Knitting,Agyrap-S,HC-782703
LI-1229-01,Creighton,Mulqueeny,Creighton Mulqueeny,24/10/2004,11/02/2020,Knitting,Agyrap-S,JS-430243
LI-7632-34,Valaria,Burnitt,Valaria Burnitt,17/08/1995,09/04/2020,Mystery Kit,Agyrap-S,BF-265735
LI-2604-00,Saxon,Loudwell,Saxon Loudwell,15/11/2005,01/07/2020,Knitting,Agyrap-S,RP-660273
LI-4712-03,Shirley,Audritt,Shirley Audritt,17/01/1998,29/10/2020,Knitting,Apollo,RP-461984
LI-3059-11,Natal,Skoate,Natal Skoate,20/02/2001,31/07/2020,Mystery Kit,Agyrap-S,BF-860617
LI-8028-42,Tiff,Edgworth,Tiff Edgworth,18/07/2005,22/09/2020,Mystery Kit,Anhee-C,HC-044113
LI-7560-88,Lefty,Maykin,Lefty Maykin,06/02/2001,08/05/2020,Mystery Kit,Aurora,RP-351939
LI-6470-35,Clarice,Reasce,Clarice Reasce,06/10/2001,13/08/2020,Mystery Kit,Apollo,RP-840439
LI-5051-35,Merv,Ponde,Merv Ponde,01/06/2001,29/01/2020,Painting,Agyrap-S,RP-389144
LI-6405-79,Dulciana,Spat,Dulciana Spat,22/01/2006,19/09/2020,Knitting,Aurora,BF-931778
LI-7749-43,Glenda,Cardello,Glenda Cardello,03/01/1998,16/05/2020,Christmas,Apollo,HC-151770
LI-5011-14,Gail,Miroy,Gail Miroy,06/01/1997,14/01/2020,Painting,Agyrap-S,BF-811557
LI-8347-59,Leela,Lehmann,Leela Lehmann,08/11/1997,17/12/2019,Mystery Kit,Apollo,JS-640297
LI-0524-89,Natassia,Feifer,Natassia Feifer,19/07/1995,26/09/2020,Mystery Kit,Proxima-C,RP-244818
LI-2696-08,Florina,Offord,Florina Offord,19/11/1995,20/01/2020,Mystery Kit,Apollo,RP-654642
LI-0273-60,Dallas,Neild,Dallas Neild,08/12/2000,07/04/2020,Mystery Kit,Agyrap-S,BF-586953
LI-8123-79,Amerigo,Mallabone,Amerigo Mallabone,02/02/1995,01/04/2020,Mystery Kit,Anhee-C,BF-693034
LI-7378-97,Nobe,McLewd,Nobe McLewd,21/06/2007,14/05/2020,Knitting,Apollo,RP-727960
LI-0509-62,Birdie,Eddisford,Birdie Eddisford,15/03/2006,18/03/2020,Mystery Kit,Agyrap-S,HC-399573
LI-9199-67,Xena,Letteresse,Xena Letteresse,17/04/2006,01/08/2020,Mystery Kit,Agyrap-S,BF-605549
LI-9275-03,Wood,Polly,Wood Polly,12/12/1997,22/01/2020,Knitting,Agyrap-S,BF-625805
LI-4944-16,Eddie,Benion,Eddie Benion,26/10/2003,10/04/2020,Knitting,Apollo,BF-512256
LI-7752-71,Reginald,Thebeau,Reginald Thebeau,10/03/1995,09/10/2020,Painting,Anhee-C,JS-466299
LI-3483-07,Alli,Prahl,Alli Prahl,17/10/2001,25/12/2019,Mystery Kit,Agyrap-S,JS-224432
LI-5490-06,Kahlil,Birkmyr,Kahlil Birkmyr,21/02/2002,16/11/2019,Mystery Kit,Apollo,HC-370572
LI-3683-71,Selma,Farryn,Selma Farryn,20/08/2007,13/03/2020,Mystery Kit,Agyrap-S,BF-130355
LI-6805-35,Ally,Chalfont,Ally Chalfont,06/05/2006,04/02/2020,Mystery Kit,Agyrap-S,BF-047133
LI-8839-87,Aland,Rosenhaus,Aland Rosenhaus,16/04/1998,11/07/2020,Painting,Agyrap-S,HC-740407
LI-3161-43,Perice,McNeish,Perice McNeish,25/11/2003,03/07/2020,Craft,Apollo,HC-825418
LI-2424-43,Waylan,Byers,Waylan Byers,15/11/1998,10/04/2020,Knitting,Agyrap-S,BF-719869
LI-9418-80,Franny,McBrady,Franny McBrady,24/11/2007,13/02/2020,Mystery Kit,Agyrap-S,JS-114132
LI-2793-54,Allys,Dressel,Allys Dressel,01/04/2004,20/06/2020,Food & wine,Agyrap-S,BF-448650
LI-8763-45,Tess,Skingle,Tess Skingle,11/03/1996,24/08/2020,Mystery Kit,Apollo,RP-306179
LI-4531-98,Ajay,Nel,Ajay Nel,23/01/2001,01/07/2020,Mystery Kit,Aurora,BF-104931
LI-5714-70,Will,Woolatt,Will Woolatt,01/11/1999,28/07/2020,Mystery Kit,Agyrap-S,BF-783716
LI-5195-16,Vonny,Grewes,Vonny Grewes,17/09/2000,22/06/2020,Food & wine,Aurora,BF-744423
LI-9900-66,Babara,Hayland,Babara Hayland,02/12/1998,18/03/2020,Mystery Kit,Agyrap-S,RP-125669
LI-0158-01,Krissie,Hassin,Krissie Hassin,03/04/1998,16/08/2020,Mystery Kit,Agyrap-S,HC-266557
LI-5742-48,Cristian,Sawtell,Cristian Sawtell,16/10/1995,20/05/2020,Food & wine,Agyrap-S,RP-296827
LI-0308-26,Torre,Pogosian,Torre Pogosian,08/10/1999,19/11/2019,Painting,Agyrap-S,RP-305600
LI-0308-10,Tomasine,Perrin,Tomasine Perrin,09/11/1998,15/03/2020,Mystery Kit,Apollo,BF-690548
LI-7236-73,Luise,Tween,Luise Tween,07/09/1996,31/03/2020,Mystery Kit,Apollo,HC-985824
LI-0907-95,Welbie,Anstey,Welbie Anstey,16/05/2002,15/06/2020,Knitting,Anhee-C,BF-334583
LI-1519-74,Mill,Voak,Mill Voak,22/05/1999,12/03/2020,Knitting,Apollo,HC-754013
LI-0808-73,Atalanta,Clutheram,Atalanta Clutheram,16/08/2001,27/11/2019,Craft,Aurora,RP-301017
LI-5288-58,Morten,Sacks,Morten Sacks,25/05/2006,07/02/2020,Mystery Kit,Apollo,RP-796214
LI-0228-43,Benedict,Manske,Benedict Manske,26/02/1996,15/03/2020,Mystery Kit,Anhee-C,BF-716904
LI-5944-78,Terrence,Scrase,Terrence Scrase,28/09/2000,26/02/2020,Knitting,Agyrap-S,JS-235232
LI-0448-32,Emmaline,Halsey,Emmaline Halsey,22/01/1997,05/01/2020,Mystery Kit,Agyrap-S,RP-606565
LI-5154-80,Etta,Aitken,Etta Aitken,07/11/2004,14/01/2020,Mystery Kit,Agyrap-S,RP-916420
LI-6257-35,Gusti,Woodman,Gusti Woodman,03/09/2002,29/08/2020,Mystery Kit,Apollo,RP-615817
LI-0997-76,Rosana,Rozalski,Rosana Rozalski,14/07/2002,01/07/2020,Mystery Kit,Apollo,HC-861582
LI-1209-70,Percival,Langfield,Percival Langfield,30/07/2007,28/08/2020,Knitting,Agyrap-S,BF-329364
LI-1054-51,Ashleigh,Watford,Ashleigh Watford,03/02/1995,04/04/2020,Food & wine,Agyrap-S,BF-603888
LI-5639-21,Shepherd,Crosswaite,Shepherd Crosswaite,05/05/2006,22/05/2020,Mystery Kit,Agyrap-S,RP-263131
LI-3209-07,Viv,Folliss,Viv Folliss,01/09/2002,28/09/2020,Mystery Kit,Agyrap-S,RP-057624
LI-2977-24,Kincaid,Enright,Kincaid Enright,05/12/1996,21/08/2020,Mystery Kit,Agyrap-S,RP-661480
LI-2913-52,Ker,Waison,Ker Waison,18/09/1995,25/12/2019,Mystery Kit,Agyrap-S,BF-615488
LI-3739-55,Nilson,Roze,Nilson Roze,10/03/2004,26/07/2020,Painting,Agyrap-S,RP-828514
LI-0386-77,Koenraad,Mattam,Koenraad Mattam,28/02/2007,14/07/2020,Knitting,Agyrap-S,RP-426611
LI-9849-96,Marsha,Herculeson,Marsha Herculeson,13/07/1995,08/06/2020,Food & wine,Mark 50,RP-760705
LI-4299-38,Davidson,Wilkenson,Davidson Wilkenson,19/05/2005,23/07/2020,Knitting,Agyrap-S,BF-575682
LI-2142-22,Wolfie,Deddum,Wolfie Deddum,05/03/1999,08/03/2020,Craft,Agyrap-S,RP-268895
LI-1215-24,Rhodia,Banks,Rhodia Banks,05/08/1996,22/08/2020,Knitting,Agyrap-S,RP-438271
LI-1869-85,Liane,Rubury,Liane Rubury,24/11/2003,04/11/2019,Mystery Kit,Agyrap-S,JS-546008
LI-4386-61,Di,Bigham,Di Bigham,29/06/2004,02/01/2020,Food & wine,Apollo,RP-131481
LI-8272-48,Blaine,Jonas,Blaine Jonas,13/08/2002,03/05/2020,Painting,Anhee-C,JS-467486
LI-9311-72,Raymond,Wharrier,Raymond Wharrier,17/07/2003,12/07/2020,Mystery Kit,Agyrap-S,RP-244343
LI-1096-99,Hans,Crowther,Hans Crowther,31/08/2003,19/01/2020,Mystery Kit,Anhee-C,BF-081549
LI-6216-17,Codie,Striker,Codie Striker,05/12/2002,14/03/2020,Tech,Agyrap-S,JS-709189
LI-6449-67,Hildagard,Nickolls,Hildagard Nickolls,09/10/2007,21/04/2020,Painting,Agyrap-S,BF-389566
LI-3556-41,Jessamine,Tuohy,Jessamine Tuohy,27/12/1995,01/04/2020,Food & wine,Apollo,HC-694704
LI-9350-88,Rhona,Van de Velde,Rhona Van de Velde,24/01/1995,19/04/2020,Knitting,Apollo,BF-392588
LI-3659-18,Jobina,O'Hickey,Jobina O'Hickey,03/07/2002,05/06/2020,Mystery Kit,Agyrap-S,RP-466443
LI-0201-58,Hanna,Mowsdell,Hanna Mowsdell,01/10/2005,17/10/2020,Mystery Kit,Anhee-C,BF-171560
LI-4632-26,Berta,Tregensoe,Berta Tregensoe,30/10/2006,06/04/2020,Mystery Kit,Anhee-C,BF-541060
LI-3088-72,Ruperto,Lawdham,Ruperto Lawdham,05/11/2003,30/10/2020,Knitting,Agyrap-S,RP-141269
LI-0113-91,Clarita,Shipp,Clarita Shipp,04/03/1997,08/08/2020,Painting,Aurora,BF-090342
LI-8627-39,Lilas,Rubinowicz,Lilas Rubinowicz,21/04/2005,29/04/2020,Knitting,Agyrap-S,JS-381150
LI-7047-06,Britta,Jolliman,Britta Jolliman,03/07/2005,23/06/2020,Painting,Apollo,BF-469575
LI-3709-77,Andy,Kitter,Andy Kitter,04/10/1996,01/10/2020,Craft,Agyrap-S,RP-048703
LI-0862-74,Bobbie,Bowra,Bobbie Bowra,09/12/1998,04/03/2020,Mystery Kit,Agyrap-S,RP-734924
LI-8597-94,Vernon,McCourtie,Vernon McCourtie,13/08/2001,17/01/2020,Knitting,Apollo,BF-652751
LI-3057-18,Melessa,Tomczykiewicz,Melessa Tomczykiewicz,05/08/1995,27/02/2020,Knitting,Anhee-C,BF-240409
LI-5380-75,Fabe,Garfitt,Fabe Garfitt,12/11/2007,05/02/2020,Knitting,Agyrap-S,HC-216237
LI-1377-12,Morry,Crankhorn,Morry Crankhorn,13/12/1997,04/09/2020,Mystery Kit,Agyrap-S,BF-307047
LI-6969-32,Amandy,Wragge,Amandy Wragge,06/08/2004,07/02/2020,Adults,Apollo,RP-531531
LI-0190-93,Ingeberg,MacGuiness,Ingeberg MacGuiness,05/05/2000,18/01/2020,Knitting,Agyrap-S,RP-460327
LI-4853-57,Darci,Suggate,Darci Suggate,07/01/1998,14/06/2020,Knitting,Aurora,BF-644756
LI-1910-60,Brinna,Battelle,Brinna Battelle,10/02/2006,15/01/2020,Knitting,Agyrap-S,BF-910584
LI-9386-11,Joseph,Breslin,Joseph Breslin,08/03/2005,16/06/2020,Knitting,Agyrap-S,BF-261174
LI-9192-19,Rollin,Bricknell,Rollin Bricknell,19/09/2001,10/01/2020,Mystery Kit,Agyrap-S,RP-566772
LI-3640-50,Lonnie,Velte,Lonnie Velte,23/10/1999,20/10/2020,Painting,Agyrap-S,RP-665957
LI-5915-34,Olimpia,Swindon,Olimpia Swindon,07/03/2001,19/10/2020,Mystery Kit,Apollo,HC-404772
LI-0972-61,Gilbert,Haliday,Gilbert Haliday,30/03/2004,26/01/2020,Knitting,Agyrap-S,BF-258095
LI-8725-90,Blair,Ickovitz,Blair Ickovitz,08/11/2005,06/03/2020,Mystery Kit,Agyrap-S,BF-029144
LI-2480-65,Malvin,Dyne,Malvin Dyne,06/01/1996,27/06/2020,Mystery Kit,Agyrap-S,RP-843240
LI-7524-85,Pet,Gorton,Pet Gorton,14/12/2001,30/06/2020,Food & wine,Apollo,BF-872919
LI-2234-39,Edyth,Moon,Edyth Moon,06/09/2007,19/12/2019,Painting,Apollo,RP-297875
LI-8049-27,Anne-corinne,Vaud,Anne-corinne Vaud,07/11/1997,25/07/2020,Knitting,Anhee-C,BF-507232
LI-4604-70,Hercules,Brende,Hercules Brende,06/01/2001,21/10/2020,Mystery Kit,Apollo,RP-843877
LI-4640-31,Mattie,Fear,Mattie Fear,17/06/2005,25/09/2020,Knitting,Agyrap-S,BF-496626
LI-5886-96,Guilbert,Catchpole,Guilbert Catchpole,25/05/1995,05/02/2020,Mystery Kit,Apollo,BF-751150
LI-4897-66,Matthiew,Raiker,Matthiew Raiker,02/10/2004,02/04/2020,Mystery Kit,Apollo,JS-740961
LI-1523-45,Olly,Pedersen,Olly Pedersen,15/08/2002,29/02/2020,Knitting,Agyrap-S,BF-536800
LI-4536-24,Margo,Duigenan,Margo Duigenan,30/07/2006,03/11/2019,Mystery Kit,Agyrap-S,HC-662888
LI-9275-41,Helge,Gemmell,Helge Gemmell,06/10/2007,29/11/2019,Painting,Apollo,JS-836861
LI-1262-47,Ade,Aveline,Ade Aveline,27/10/2001,13/04/2020,Mystery Kit,Anhee-C,BF-846155
LI-3367-68,Lucais,Luxford,Lucais Luxford,01/06/2000,23/08/2020,Mystery Kit,Anhee-C,HC-869597
LI-6435-71,Marleah,Prawle,Marleah Prawle,19/07/1996,31/07/2020,Knitting,Agyrap-S,JS-900678
LI-6375-21,Gilles,Bayston,Gilles Bayston,23/05/1999,10/04/2020,Mystery Kit,Aurora,RP-569965
LI-5997-67,Nappie,MacLice,Nappie MacLice,21/03/1999,13/02/2020,Painting,Agyrap-S,RP-816490
LI-6168-50,Davie,Nacci,Davie Nacci,28/04/1995,17/05/2020,Food & wine,Agyrap-S,RP-296216
LI-6256-71,Mellisent,Rossey,Mellisent Rossey,09/11/2001,14/01/2020,Mystery Kit,Apollo,RP-691697
LI-5380-57,Shoshana,Janicijevic,Shoshana Janicijevic,30/08/1998,13/08/2020,Mystery Kit,Agyrap-S,RP-457340
LI-4089-32,Nathalie,Nucciotti,Nathalie Nucciotti,13/09/1998,29/12/2019,Painting,Agyrap-S,HC-936415
LI-6910-53,Isacco,Gemson,Isacco Gemson,11/10/2002,05/08/2020,Craft,Agyrap-S,BF-268099
LI-1752-33,Darsey,Clarricoates,Darsey Clarricoates,10/08/1995,19/12/2019,Mystery Kit,Agyrap-S,BF-688897
LI-7662-14,Yorgo,Dutteridge,Yorgo Dutteridge,11/09/2007,18/05/2020,Mystery Kit,Agyrap-S,BF-196173
LI-2626-23,Max,Pardey,Max Pardey,07/05/2007,20/07/2020,Mystery Kit,Phoenix,BF-920675
LI-6237-75,Magnum,Welbelove,Magnum Welbelove,07/09/1996,16/09/2020,Painting,Agyrap-S,RP-421817
LI-0217-29,Valina,Bucham,Valina Bucham,10/12/2006,20/02/2020,Mystery Kit,Apollo,BF-305489
LI-5865-15,Quinta,Wagner,Quinta Wagner,04/06/2003,26/07/2020,Mystery Kit,Anhee-C,JS-970688
LI-5998-09,Quentin,Jirek,Quentin Jirek,31/03/2007,24/08/2020,Mystery Kit,Agyrap-S,BF-414919
LI-4927-17,Blakelee,Worsall,Blakelee Worsall,01/12/2005,11/08/2020,Mystery Kit,Phoenix,JS-427159
LI-5419-36,Hilde,Garric,Hilde Garric,12/04/1995,10/11/2019,Mystery Kit,Agyrap-S,RP-968528
LI-5780-11,Aldin,Smaile,Aldin Smaile,08/08/1999,16/10/2020,Knitting,Apollo,HC-152666
LI-6219-04,Vernon,Freeth,Vernon Freeth,20/07/2003,21/11/2019,Mystery Kit,Agyrap-S,BF-032002
LI-8619-99,Rolland,Tytcomb,Rolland Tytcomb,28/04/2002,11/09/2020,Mystery Kit,Aurora,JS-524844
LI-7829-53,Carmel,Boothe,Carmel Boothe,17/08/2001,04/11/2019,Painting,Aurora,RP-757382
LI-9077-86,Salvidor,Colbourne,Salvidor Colbourne,17/04/2003,24/02/2020,Mystery Kit,Proxima-C,HC-271748
LI-4656-83,Mord,Carslaw,Mord Carslaw,18/07/2005,24/12/2019,Knitting,Phoenix,HC-443165
LI-5653-51,Jamie,Dripp,Jamie Dripp,09/02/1997,05/09/2020,Knitting,Apollo,BF-699946
LI-9755-66,Leona,Hampshaw,Leona Hampshaw,24/12/2000,30/05/2020,Mystery Kit,Agyrap-S,BF-599987
LI-7579-68,Cherice,Worboy,Cherice Worboy,21/11/2001,09/05/2020,Mystery Kit,Agyrap-S,BF-219852
LI-4142-68,Filberte,Backwell,Filberte Backwell,11/04/1996,21/11/2019,Mystery Kit,Anhee-C,RP-674915
LI-5706-48,Brigid,Dog,Brigid Dog,04/02/1998,28/03/2020,Painting,Agyrap-S,HC-996119
LI-5333-79,Sybyl,Tombs,Sybyl Tombs,17/12/2002,10/12/2019,Mystery Kit,Agyrap-S,BF-210790
LI-3656-82,August,Tousey,August Tousey,17/02/1998,04/06/2020,Tech,Agyrap-S,BF-094211
LI-7750-44,Ellswerth,Polye,Ellswerth Polye,12/02/2000,16/03/2020,Food & wine,Agyrap-S,BF-399003
LI-3053-27,Hallie,Portinari,Hallie Portinari,23/09/2006,18/12/2019,Painting,Agyrap-S,BF-392561
LI-2413-08,Burg,Gregorio,Burg Gregorio,20/10/1997,14/08/2020,Knitting,Anhee-C,JS-223879
LI-8969-86,Taylor,Willey,Taylor Willey,01/04/1996,09/08/2020,Mystery Kit,Agyrap-S,BF-843756
LI-4999-85,Arte,Samweyes,Arte Samweyes,20/06/1995,15/07/2020,Food & wine,Agyrap-S,RP-130531
LI-4963-34,Kipper,Gladwell,Kipper Gladwell,29/08/1995,20/09/2020,Craft,Apollo,BF-984577
LI-1108-82,Oralee,Marsden,Oralee Marsden,28/04/2005,06/10/2020,Mystery Kit,Anhee-C,BF-905895
LI-5878-43,Vonny,MacFaell,Vonny MacFaell,13/02/1999,26/06/2020,Mystery Kit,Agyrap-S,RP-038028
LI-0169-87,Rebekkah,Cockerill,Rebekkah Cockerill,07/04/1997,07/09/2020,Mystery Kit,Agyrap-S,RP-408810
LI-4630-68,Fina,Couronne,Fina Couronne,23/08/2007,10/11/2019,Knitting,Phoenix,BF-260876
LI-0963-62,Davine,Goff,Davine Goff,21/05/1997,21/02/2020,Knitting,Agyrap-S,JS-536463
LI-1018-44,Kelby,Stroyan,Kelby Stroyan,23/08/2000,09/06/2020,Mystery Kit,Agyrap-S,BF-386866
LI-4785-07,Sibyl,Marrett,Sibyl Marrett,18/03/2007,15/01/2020,Mystery Kit,Apollo,HC-718409
LI-3334-61,Danny,Alves,Danny Alves,15/06/2006,27/04/2020,Knitting,Agyrap-S,BF-135736
LI-7683-36,Dieter,Pariso,Dieter Pariso,04/12/1995,18/09/2020,Painting,Apollo,RP-082324
LI-7723-91,Filmore,Bake,Filmore Bake,02/01/2002,17/01/2020,Christmas,Agyrap-S,RP-702151
LI-8503-48,Zed,Scotting,Zed Scotting,09/07/2007,08/04/2020,Mystery Kit,Agyrap-S,HC-666368
LI-4921-29,Towney,Strowger,Towney Strowger,14/11/1995,23/06/2020,Knitting,Agyrap-S,RP-702506
LI-2204-99,Morgen,Gyves,Morgen Gyves,25/01/2006,18/12/2019,Mystery Kit,Apollo,BF-915967
LI-1718-09,Janene,Bandey,Janene Bandey,01/11/1996,03/03/2020,Food & wine,Agyrap-S,JS-494299
LI-8338-65,Micheil,Benzie,Micheil Benzie,30/11/2000,06/03/2020,Knitting,Anhee-C,BF-479920
LI-9598-43,Sheela,Gueste,Sheela Gueste,18/02/1999,24/01/2020,Painting,Agyrap-S,JS-606931
LI-6487-85,Sansone,Babington,Sansone Babington,11/04/1999,30/12/2019,Mystery Kit,Aurora,BF-166873
LI-4467-85,Carina,Gwilym,Carina Gwilym,17/05/2007,20/04/2020,Painting,Apollo,JS-503043
LI-8165-31,Agnes,Veasey,Agnes Veasey,03/05/2004,25/05/2020,Painting,Apollo,BF-275587
LI-7207-19,Kellby,Cobbin,Kellby Cobbin,14/12/2006,13/12/2019,Mystery Kit,Apollo,HC-529081
LI-5973-99,My,Hordell,My Hordell,06/06/2005,15/06/2020,Mystery Kit,Agyrap-S,RP-008372
LI-8207-86,Ernaline,Cannaway,Ernaline Cannaway,19/04/1998,05/07/2020,Painting,Apollo,BF-044498
LI-9981-19,Orrin,Ahlf,Orrin Ahlf,16/05/2002,16/11/2019,Craft,Agyrap-S,HC-562653
LI-2098-17,Fritz,Zaniolo,Fritz Zaniolo,16/09/2005,22/03/2020,Mystery Kit,Agyrap-S,BF-076135
LI-5794-90,Daphene,Le Brun,Daphene Le Brun,30/10/1998,17/10/2020,Mystery Kit,Agyrap-S,HC-842805
LI-5909-16,Oberon,Proback,Oberon Proback,08/09/2002,20/11/2019,Craft,Apollo,BF-373991
LI-1253-97,Ajay,Nutty,Ajay Nutty,13/06/2003,13/11/2019,Craft,Sirius,RP-225795
LI-1853-37,Editha,MacSkeaghan,Editha MacSkeaghan,03/06/2006,20/07/2020,Mystery Kit,Agyrap-S,RP-883511
LI-5634-34,Melita,Kastel,Melita Kastel,13/11/2005,03/01/2020,Mystery Kit,Apollo,BF-816890
LI-8724-39,Kimberley,Eamer,Kimberley Eamer,14/06/1995,29/02/2020,Knitting,Anhee-C,HC-070259
LI-3329-11,Evyn,Jewkes,Evyn Jewkes,02/08/1997,30/08/2020,Mystery Kit,Agyrap-S,JS-715944
LI-8063-01,Lin,Jeacock,Lin Jeacock,07/11/2001,01/09/2020,Mystery Kit,Agyrap-S,BF-331562
LI-3615-78,Darlene,MacKonochie,Darlene MacKonochie,13/10/2001,02/08/2020,Mystery Kit,Anhee-C,BF-800614
LI-1574-77,Idalina,Klemke,Idalina Klemke,03/05/2001,31/05/2020,Mystery Kit,Anhee-C,JS-739428
LI-6150-78,Lyda,Coot,Lyda Coot,12/01/2004,24/02/2020,Mystery Kit,Apollo,BF-390689
LI-4688-32,Jude,Campanelle,Jude Campanelle,20/02/2007,15/11/2019,Knitting,Apollo,JS-854571
LI-5726-93,Bernie,Gregoraci,Bernie Gregoraci,14/12/2002,10/03/2020,Knitting,Aurora,HC-297248
LI-9783-92,Ellery,Minchinden,Ellery Minchinden,04/03/1998,26/11/2019,Mystery Kit,Agyrap-S,HC-000986
LI-7745-36,Vance,Filip,Vance Filip,08/03/1995,22/01/2020,Mystery Kit,Agyrap-S,RP-378601
LI-1172-72,Imojean,Gergher,Imojean Gergher,06/02/2005,29/08/2020,Knitting,Agyrap-S,RP-800879
LI-0573-51,Noah,Daniellot,Noah Daniellot,10/01/2002,17/12/2019,Mystery Kit,Anhee-C,RP-980932
LI-1404-05,Cory,Einchcombe,Cory Einchcombe,22/03/2004,24/02/2020,Mystery Kit,Apollo,HC-981761
LI-4604-41,Violetta,ffrench Beytagh,Violetta ffrench Beytagh,27/01/2000,24/10/2020,Knitting,Apollo,BF-262432
LI-1580-61,Fleming,Blamire,Fleming Blamire,05/07/2005,30/04/2020,Knitting,Apollo,RP-614547
LI-8417-39,Elaina,Mapes,Elaina Mapes,02/01/2000,28/07/2020,Mystery Kit,Apollo,BF-101518
LI-1883-52,William,McCrum,William McCrum,30/10/2005,07/06/2020,Knitting,Apollo,JS-670366
LI-1331-23,Gasparo,Von Der Empten,Gasparo Von Der Empten,29/07/2006,14/06/2020,Mystery Kit,Apollo,BF-855716
LI-9503-55,Clare,Krystek,Clare Krystek,24/11/2007,02/12/2019,Mystery Kit,Anhee-C,BF-606956
LI-8949-06,Penn,Springthorpe,Penn Springthorpe,14/09/2004,23/09/2020,Mystery Kit,Anhee-C,BF-810384
LI-1527-81,Herold,McKinna,Herold McKinna,12/02/2004,02/12/2019,Mystery Kit,Agyrap-S,BF-781484
LI-0442-21,Stacy,MacFaul,Stacy MacFaul,04/06/2006,15/05/2020,Mystery Kit,Aurora,JS-244354
LI-2465-19,Martina,Sibbet,Martina Sibbet,28/07/2007,13/09/2020,Mystery Kit,Anhee-C,RP-348486
LI-4843-57,Beckie,Cavey,Beckie Cavey,08/01/1999,27/09/2020,Knitting,Agyrap-S,BF-087193
LI-7052-45,Lynnell,Grima,Lynnell Grima,31/08/2006,14/01/2020,Mystery Kit,Agyrap-S,BF-601541
LI-4575-95,Alysia,Dreelan,Alysia Dreelan,14/11/2003,27/06/2020,Knitting,Anhee-C,BF-781519
LI-8369-04,Essa,Rubinivitz,Essa Rubinivitz,17/08/2002,28/09/2020,Painting,Agyrap-S,RP-744652
LI-9528-04,Kelbee,Ashingden,Kelbee Ashingden,07/05/2005,28/10/2020,Knitting,Apollo,BF-890746
LI-8689-50,Carly,Horsfield,Carly Horsfield,26/06/2003,31/10/2019,Mystery Kit,Agyrap-S,JS-214519
LI-0357-40,Hakeem,Wordington,Hakeem Wordington,28/08/2000,30/11/2019,Mystery Kit,Agyrap-S,BF-035903
LI-5591-89,Heather,Rielly,Heather Rielly,12/09/2005,14/01/2020,Mystery Kit,Agyrap-S,BF-755911
LI-1729-91,Julieta,Haresign,Julieta Haresign,11/08/1995,07/07/2020,Mystery Kit,Agyrap-S,HC-805561
LI-3716-60,Bil,Proctor,Bil Proctor,11/09/2006,11/07/2020,Knitting,Apollo,JS-106041
LI-0910-14,Brigitta,Bennis,Brigitta Bennis,08/11/2000,15/06/2020,Knitting,Agyrap-S,BF-831504
LI-7731-87,Harwell,Henrys,Harwell Henrys,24/09/1999,10/02/2020,Mystery Kit,Agyrap-S,BF-340983
LI-6647-17,Retha,Iiannoni,Retha Iiannoni,04/11/2003,15/08/2020,Mystery Kit,Sirius,HC-223235
LI-9881-42,Timofei,Stickford,Timofei Stickford,19/08/1997,15/02/2020,Mystery Kit,Apollo,BF-271484
LI-0380-04,Fania,Peacher,Fania Peacher,21/04/2000,21/03/2020,Craft,Agyrap-S,BF-384400
LI-1410-10,Valaria,Seydlitz,Valaria Seydlitz,30/07/1997,01/07/2020,Knitting,Aurora,RP-149402
LI-2027-63,Darrel,Lightbody,Darrel Lightbody,02/03/2000,09/12/2019,Knitting,Sirius,BF-849482
LI-9014-11,Kearney,Keane,Kearney Keane,28/01/1998,26/06/2020,Knitting,Apollo,BF-581559
LI-9131-52,Prue,Billany,Prue Billany,23/04/2007,13/02/2020,Mystery Kit,Apollo,BF-173860
LI-2719-87,Lexi,Portch,Lexi Portch,23/11/1996,14/12/2019,Knitting,Anhee-C,RP-421324
LI-6012-40,Alexi,Munehay,Alexi Munehay,17/04/2002,18/03/2020,Knitting,Agyrap-S,BF-482686
LI-5096-62,Maribel,McKearnen,Maribel McKearnen,24/09/2005,29/12/2019,Knitting,Agyrap-S,RP-896468
LI-0502-10,Margareta,Thompson,Margareta Thompson,31/03/1999,26/05/2020,Painting,Agyrap-S,BF-050068
LI-3464-34,Dasha,Tomeo,Dasha Tomeo,21/08/2006,23/08/2020,Knitting,Apollo,RP-302612
LI-0234-89,Pepillo,Quickfall,Pepillo Quickfall,24/08/2000,18/02/2020,Knitting,Anhee-C,RP-389349
LI-7334-53,Gussi,Deeman,Gussi Deeman,23/06/2004,11/06/2020,Mystery Kit,Apollo,HC-170617
LI-5559-53,Edvard,Messingham,Edvard Messingham,01/07/1999,07/03/2020,Knitting,Anhee-C,JS-806221
LI-8449-59,Cyndie,Hache,Cyndie Hache,10/03/2004,24/01/2020,Knitting,Agyrap-S,RP-818589
LI-9276-32,Danette,McGrann,Danette McGrann,28/01/1996,19/04/2020,Mystery Kit,Aurora,BF-011481
LI-5923-59,Glenine,Peppard,Glenine Peppard,12/02/2006,31/10/2020,Mystery Kit,Agyrap-S,RP-269952
LI-8483-54,Silvano,Milham,Silvano Milham,16/12/1998,10/05/2020,Mystery Kit,Apollo,RP-730236
LI-3020-81,Rosanne,De Robertis,Rosanne De Robertis,09/10/2004,08/04/2020,Tech,Anhee-C,JS-974806
LI-0833-04,Rosmunda,Crowdace,Rosmunda Crowdace,10/04/2003,29/10/2020,Knitting,Agyrap-S,RP-722946
LI-0618-28,Bendix,Synder,Bendix Synder,02/08/1997,02/06/2020,Mystery Kit,Aurora,BF-962822
LI-4627-18,Kathleen,Beggin,Kathleen Beggin,24/07/2007,01/02/2020,Food & wine,Anhee-C,BF-811851
LI-0998-26,Park,McKeveney,Park McKeveney,06/01/1997,05/09/2020,Knitting,Phoenix,BF-766880
LI-7756-03,Duffy,Vellacott,Duffy Vellacott,23/12/2005,13/03/2020,Knitting,Agyrap-S,BF-097817
LI-5559-21,Aeriell,Carleton,Aeriell Carleton,31/03/2005,13/09/2020,Knitting,Aurora,BF-963685
LI-8850-21,Sheri,McCritichie,Sheri McCritichie,16/11/2002,15/01/2020,Food & wine,Apollo,RP-011706
LI-5146-85,Dov,Riach,Dov Riach,17/12/1999,16/05/2020,Food & wine,Anhee-C,RP-745594
LI-6197-37,Verla,Fratson,Verla Fratson,25/05/2004,10/05/2020,Mystery Kit,Apollo,RP-324382
LI-8332-27,Genevra,Stanyon,Genevra Stanyon,21/02/2002,19/06/2020,Mystery Kit,Anhee-C,BF-045386
LI-2296-90,Inness,MacGarrity,Inness MacGarrity,29/11/2001,07/08/2020,Food & wine,Apollo,RP-080327
LI-5392-12,Rowen,Harragin,Rowen Harragin,24/12/2006,16/12/2019,Mystery Kit,Agyrap-S,HC-727737
LI-2179-32,Smith,Zavattari,Smith Zavattari,26/04/2007,19/12/2019,Painting,Apollo,RP-347906
LI-6298-27,Minnie,Northbridge,Minnie Northbridge,02/06/1995,27/03/2020,Mystery Kit,Agyrap-S,JS-419756
LI-6920-13,Lucius,Masding,Lucius Masding,23/11/2004,03/09/2020,Mystery Kit,Apollo,BF-479827
LI-2829-38,Lucita,Rayne,Lucita Rayne,29/06/2007,02/08/2020,Knitting,Agyrap-S,RP-158031
LI-6159-10,Jarred,Kegg,Jarred Kegg,23/08/2001,09/08/2020,Knitting,Agyrap-S,RP-624121
LI-3901-88,Bellanca,Zanassi,Bellanca Zanassi,21/02/2002,13/10/2020,Craft,Apollo,BF-293645
LI-4373-14,Carey,Nozzolii,Carey Nozzolii,29/03/1998,03/04/2020,Painting,Agyrap-S,BF-424050
LI-9284-79,Sandra,Burdge,Sandra Burdge,03/09/2005,18/05/2020,Knitting,Agyrap-S,JS-245603
LI-5740-05,Brittney,Antognozzii,Brittney Antognozzii,08/01/2000,09/03/2020,Mystery Kit,Apollo,BF-781089
LI-7455-98,Levon,Dewis,Levon Dewis,28/09/2007,04/07/2020,Mystery Kit,Agyrap-S,BF-881447
LI-6242-87,Gwendolyn,Taffley,Gwendolyn Taffley,20/06/1996,06/07/2020,Food & wine,Apollo,HC-618441
LI-3148-55,Jeralee,Athelstan,Jeralee Athelstan,25/09/2004,30/06/2020,Mystery Kit,Proxima-C,RP-952411
LI-6608-48,Kermie,Mabe,Kermie Mabe,30/03/2007,23/09/2020,Mystery Kit,Aurora,BF-247030
LI-3556-87,Ruthann,Moretto,Ruthann Moretto,23/01/1996,09/05/2020,Painting,Aurora,BF-741829
LI-0811-93,Paxton,Gerkens,Paxton Gerkens,26/09/2003,23/12/2019,Knitting,Apollo,BF-248850
LI-7643-29,Steffi,Yakunchikov,Steffi Yakunchikov,29/05/1998,07/03/2020,Painting,Agyrap-S,RP-702384
LI-0493-91,Pru,Seaward,Pru Seaward,25/02/2000,17/02/2020,Food & wine,Agyrap-S,BF-844973
LI-1748-36,Jolyn,Konerding,Jolyn Konerding,08/10/1995,09/12/2019,Knitting,Anhee-C,BF-567364
LI-5207-78,Adolph,Neesham,Adolph Neesham,19/06/2000,07/01/2020,Mystery Kit,Apollo,BF-636454
LI-1400-19,Arabela,Cowitz,Arabela Cowitz,31/07/2007,27/07/2020,Food & wine,Anhee-C,BF-486257
LI-5275-08,Dasha,Bleibaum,Dasha Bleibaum,17/06/2007,17/02/2020,Mystery Kit,Agyrap-S,HC-253672
LI-5680-28,Perceval,Sugge,Perceval Sugge,29/10/1999,05/06/2020,Mystery Kit,Agyrap-S,RP-009458
LI-8033-42,Leonelle,Karet,Leonelle Karet,23/12/1998,01/08/2020,Tech,Agyrap-S,BF-572909
LI-9971-35,Lusa,Dedney,Lusa Dedney,13/03/2001,23/07/2020,Food & wine,Apollo,RP-023805
LI-7867-45,Maynard,Bonwell,Maynard Bonwell,03/08/2002,09/10/2020,Mystery Kit,Agyrap-S,BF-242545
LI-3189-69,Bastian,Blenkiron,Bastian Blenkiron,03/05/1995,20/01/2020,Christmas,Agyrap-S,BF-752707
LI-6398-56,Colby,Wagstaff,Colby Wagstaff,19/11/1998,09/03/2020,Knitting,Agyrap-S,BF-568576
LI-9269-25,Tuckie,Tattersill,Tuckie Tattersill,17/02/1995,02/08/2020,Mystery Kit,Apollo,BF-433871
LI-3662-50,Kimbell,Lipprose,Kimbell Lipprose,11/08/1996,06/01/2020,Mystery Kit,Aurora,BF-113785
LI-0127-76,Delmar,Pendle,Delmar Pendle,29/04/1995,18/09/2020,Knitting,Agyrap-S,BF-819500
LI-6238-54,Elysia,Burberry,Elysia Burberry,24/04/1996,30/01/2020,Mystery Kit,Agyrap-S,BF-411463
LI-6518-27,Nat,Cocks,Nat Cocks,25/10/2006,22/01/2020,Craft,Aurora,JS-426922
LI-5441-80,Dominick,Bradd,Dominick Bradd,11/10/1999,14/04/2020,Painting,Aurora,RP-868819
LI-8970-73,Sofia,Wiffill,Sofia Wiffill,31/03/2001,11/06/2020,Mystery Kit,Agyrap-S,JS-080754
LI-5645-29,Nariko,Knoller,Nariko Knoller,18/02/2002,19/02/2020,Knitting,Apollo,JS-470654
LI-4139-51,Carrie,Fright,Carrie Fright,02/12/2002,31/07/2020,Food & wine,Agyrap-S,RP-236175
LI-9860-53,Kellie,Longford,Kellie Longford,14/07/1995,26/04/2020,Mystery Kit,Apollo,BF-529274
LI-2161-06,Adelle,Vaudrey,Adelle Vaudrey,12/10/1995,20/06/2020,Mystery Kit,Agyrap-S,RP-130177
LI-0163-93,Glendon,Leftbridge,Glendon Leftbridge,01/02/1999,30/03/2020,Knitting,Agyrap-S,BF-560090
LI-0677-28,Costanza,Redfern,Costanza Redfern,23/09/1997,17/02/2020,Painting,Proxima-C,BF-926002
LI-3936-85,Baxter,Jindacek,Baxter Jindacek,03/02/1999,16/06/2020,Mystery Kit,Agyrap-S,RP-947086
LI-6156-62,Bev,Sarrell,Bev Sarrell,26/03/2005,09/10/2020,Adults,Apollo,RP-423240
LI-8374-03,Sisile,Yarnley,Sisile Yarnley,05/12/2002,30/05/2020,Mystery Kit,Agyrap-S,HC-589030
LI-2212-21,Donavon,Woan,Donavon Woan,14/04/2004,28/07/2020,Food & wine,Phoenix,BF-050644
LI-5053-02,Jocelyne,Cornes,Jocelyne Cornes,02/06/1998,07/03/2020,Painting,Agyrap-S,BF-207791
LI-9464-56,Vi,Gemeau,Vi Gemeau,12/11/1997,03/10/2020,Painting,Agyrap-S,BF-574941
LI-1332-53,Burtie,Salvatore,Burtie Salvatore,19/12/2006,27/04/2020,Food & wine,Agyrap-S,JS-643122
LI-9234-92,Drucy,Love,Drucy Love,26/04/2003,29/10/2020,Mystery Kit,Apollo,BF-816154
LI-8128-51,Zena,Quadri,Zena Quadri,29/07/2000,23/02/2020,Knitting,Aurora,RP-728499
LI-1757-15,Jackquelin,Tonsley,Jackquelin Tonsley,05/09/2000,08/05/2020,Mystery Kit,Agyrap-S,BF-146255
LI-1438-32,Meggie,Sappson,Meggie Sappson,02/01/2000,28/07/2020,Mystery Kit,Agyrap-S,RP-422323
LI-5785-20,Ethelind,Finney,Ethelind Finney,05/11/1997,26/06/2020,Christmas,Apollo,BF-054798
LI-1074-92,Broderick,Gebbe,Broderick Gebbe,07/09/1999,29/12/2019,Mystery Kit,Apollo,RP-128270
LI-3207-71,Margarete,Aldie,Margarete Aldie,21/11/2007,23/07/2020,Knitting,Agyrap-S,JS-718860
LI-1841-24,Levy,Saywood,Levy Saywood,13/09/1996,02/09/2020,Mystery Kit,Apollo,JS-044470
LI-2386-01,Pat,Idill,Pat Idill,04/08/2005,30/11/2019,Knitting,Apollo,RP-986535
LI-6010-46,Regine,Bramstom,Regine Bramstom,24/07/2002,26/04/2020,Mystery Kit,Agyrap-S,RP-035258
LI-4503-40,Benedicto,Hughesdon,Benedicto Hughesdon,11/07/2000,23/10/2020,Mystery Kit,Agyrap-S,BF-436672
LI-8403-39,Georgeanna,Petrakov,Georgeanna Petrakov,06/02/2000,13/08/2020,Mystery Kit,Agyrap-S,HC-247196
LI-9947-38,Felice,Blindt,Felice Blindt,24/07/1999,29/06/2020,Mystery Kit,Agyrap-S,JS-623180
LI-5016-10,Diana,Houseley,Diana Houseley,16/09/1996,14/02/2020,Mystery Kit,Aurora,JS-807864
LI-6586-12,Jeno,Caverhill,Jeno Caverhill,15/07/1995,04/03/2020,Mystery Kit,Apollo,BF-446530
LI-5114-11,Sherwynd,Bottjer,Sherwynd Bottjer,08/05/2001,23/10/2020,Craft,Kits Dragon,BF-737033
LI-3715-73,Rosina,Sprowles,Rosina Sprowles,16/11/2003,14/03/2020,Mystery Kit,Apollo,JS-291828
LI-7361-99,Pandora,Callington,Pandora Callington,16/09/1998,23/07/2020,Painting,Anhee-C,BF-669884
LI-3954-08,Tomaso,Heys,Tomaso Heys,10/01/2004,19/11/2019,Knitting,Agyrap-S,BF-457450
LI-9628-82,Derril,Joscelyne,Derril Joscelyne,01/06/2004,20/10/2020,Mystery Kit,Agyrap-S,JS-353446
LI-7890-43,Valentina,Labbet,Valentina Labbet,06/05/2002,28/02/2020,Painting,Kits Dragon,RP-375593
LI-9777-77,Craig,Schoales,Craig Schoales,23/08/2003,16/01/2020,Mystery Kit,Aurora,HC-729683
LI-4552-89,Gail,Ruvel,Gail Ruvel,02/09/2004,16/02/2020,Painting,Agyrap-S,BF-378295
LI-7847-53,Major,Sante,Major Sante,24/07/2001,25/04/2020,Food & wine,Apollo,BF-922629
LI-3687-45,Herbert,Cronin,Herbert Cronin,01/08/2003,18/10/2020,Knitting,Apollo,RP-162346
LI-4968-75,Xymenes,Pembery,Xymenes Pembery,18/03/1999,25/03/2020,Mystery Kit,Agyrap-S,JS-491664
LI-1375-22,Anjanette,Pardoe,Anjanette Pardoe,11/06/1998,03/08/2020,Mystery Kit,Agyrap-S,BF-451863
LI-7505-72,Ivie,O'Neal,Ivie O'Neal,03/02/2001,02/08/2020,Knitting,Agyrap-S,HC-928638
LI-3040-30,Madelina,Chestnutt,Madelina Chestnutt,30/10/2003,03/04/2020,Mystery Kit,Agyrap-S,BF-492013
LI-2324-17,Reeta,Gaydon,Reeta Gaydon,05/07/1998,10/01/2020,Mystery Kit,Agyrap-S,RP-942428
LI-3345-95,Ardenia,Boole,Ardenia Boole,16/01/2002,17/07/2020,Knitting,Aurora,HC-130040
LI-4835-81,Dyna,Craigg,Dyna Craigg,05/01/2005,08/07/2020,Knitting,Apollo,HC-818380
LI-0802-50,Eberto,Aindrais,Eberto Aindrais,22/03/2001,23/02/2020,Painting,Apollo,BF-034609
LI-8957-95,Tait,Valenti,Tait Valenti,11/09/2002,03/08/2020,Mystery Kit,Apollo,BF-613975
LI-8315-23,Wright,Trayes,Wright Trayes,06/12/2005,12/08/2020,Mystery Kit,Anhee-C,BF-941654
LI-1362-94,Oby,Stones,Oby Stones,07/05/2004,07/12/2019,Painting,Agyrap-S,JS-428313
LI-7909-87,Rick,Bassick,Rick Bassick,07/02/1998,24/08/2020,Mystery Kit,Sirius,JS-638408
LI-3401-99,Dorree,MacKilroe,Dorree MacKilroe,17/06/2001,12/08/2020,Mystery Kit,Agyrap-S,BF-192907
LI-3941-23,Fina,Dannel,Fina Dannel,23/03/2003,01/11/2019,Knitting,Agyrap-S,RP-950708
LI-5034-04,Helenka,Blagburn,Helenka Blagburn,11/05/1997,10/08/2020,Mystery Kit,Anhee-C,BF-815644
LI-8467-18,Isacco,Stembridge,Isacco Stembridge,23/12/1999,03/06/2020,Painting,Apollo,BF-471529
LI-9403-55,Lea,Mawtus,Lea Mawtus,22/10/2002,14/04/2020,Knitting,Agyrap-S,JS-869744
LI-7051-85,Moishe,Kaesmakers,Moishe Kaesmakers,09/09/2002,17/08/2020,Food & wine,Apollo,BF-228305
LI-9599-56,Briggs,Martinson,Briggs Martinson,20/02/2001,11/09/2020,Painting,Apollo,BF-463879
LI-0728-29,Andi,Hair,Andi Hair,21/12/1999,21/04/2020,Christmas,Agyrap-S,HC-188161
LI-4896-61,Jamie,Tomasicchio,Jamie Tomasicchio,03/05/2004,07/02/2020,Mystery Kit,Agyrap-S,BF-449119
LI-1512-98,Filmore,Brayford,Filmore Brayford,14/02/2005,20/10/2020,Knitting,Anhee-C,RP-871307
LI-1344-60,Felicio,Thormwell,Felicio Thormwell,17/01/2005,15/10/2020,Knitting,Agyrap-S,BF-327898
LI-3343-35,Farly,Shortell,Farly Shortell,23/08/1997,03/06/2020,Knitting,Apollo,BF-211388
LI-7064-21,Rayna,Muzzini,Rayna Muzzini,03/03/2000,19/02/2020,Mystery Kit,Apollo,JS-337453
LI-0500-35,Albina,Lamar,Albina Lamar,03/12/1996,08/04/2020,Mystery Kit,Aurora,HC-397165
LI-4371-84,Crystal,Groarty,Crystal Groarty,21/09/1999,11/04/2020,Food & wine,Agyrap-S,JS-780278
LI-8655-74,Fritz,Moralee,Fritz Moralee,06/08/1995,26/02/2020,Food & wine,Agyrap-S,HC-949666
LI-5610-87,Giffie,Jelley,Giffie Jelley,02/01/1998,28/08/2020,Mystery Kit,Agyrap-S,HC-447949
LI-7377-17,Elvis,Monelli,Elvis Monelli,13/09/1998,03/01/2020,Painting,Anhee-C,JS-240626
LI-1415-10,Cary,Echlin,Cary Echlin,02/08/2001,14/03/2020,Mystery Kit,Agyrap-S,BF-802540
LI-1146-44,Nataniel,Innocenti,Nataniel Innocenti,08/09/2002,05/01/2020,Mystery Kit,Agyrap-S,HC-421829
LI-1716-94,Aridatha,Gallone,Aridatha Gallone,25/02/2003,21/08/2020,Painting,Proxima-C,BF-928672
LI-0603-13,Lewiss,Argontt,Lewiss Argontt,18/11/1996,04/01/2020,Mystery Kit,Agyrap-S,BF-985065
LI-3085-92,Bartholomew,Millin,Bartholomew Millin,16/11/2002,18/07/2020,Painting,Agyrap-S,RP-243486
LI-9322-46,Mariska,Gaymar,Mariska Gaymar,18/01/1995,05/04/2020,Food & wine,Aurora,RP-596475
LI-4816-17,Katuscha,Casolla,Katuscha Casolla,23/06/2002,24/09/2020,Mystery Kit,Anhee-C,BF-718699
LI-9686-57,Codie,Waddie,Codie Waddie,18/06/2005,22/04/2020,Painting,Agyrap-S,BF-832691
LI-5974-16,Ailina,Hedden,Ailina Hedden,11/01/1999,19/06/2020,Mystery Kit,Agyrap-S,BF-418851
LI-9112-50,Orbadiah,Harm,Orbadiah Harm,11/06/2004,13/03/2020,Mystery Kit,Agyrap-S,RP-114831
LI-4044-95,Esther,Nangle,Esther Nangle,29/12/2006,31/07/2020,Knitting,Agyrap-S,BF-800994
LI-2579-44,Wylma,Boate,Wylma Boate,23/07/2001,07/10/2020,Mystery Kit,Apollo,HC-060482
LI-4806-29,Sampson,Parradine,Sampson Parradine,02/06/2004,25/01/2020,Mystery Kit,Agyrap-S,BF-148438
LI-3025-46,Jemmie,Whitty,Jemmie Whitty,27/05/1998,15/05/2020,Painting,Agyrap-S,BF-592703
LI-7599-54,Quintin,Kunes,Quintin Kunes,12/09/2006,14/06/2020,Mystery Kit,Agyrap-S,RP-034794
LI-7924-33,Alan,Message,Alan Message,07/01/1998,20/08/2020,Food & wine,Anhee-C,JS-648085
LI-4727-35,Averill,Paramore,Averill Paramore,22/02/2001,05/09/2020,Mystery Kit,Anhee-C,RP-606435
LI-4502-42,Alecia,Grimsdale,Alecia Grimsdale,05/10/1995,09/05/2020,Mystery Kit,Apollo,RP-819511
LI-2100-08,Nilson,Allridge,Nilson Allridge,22/10/2006,30/08/2020,Mystery Kit,Apollo,BF-811242
LI-9121-87,Eb,Bodega,Eb Bodega,18/05/2007,21/02/2020,Knitting,Agyrap-S,JS-404051
LI-0084-88,Martino,Archambault,Martino Archambault,21/07/2000,15/07/2020,Mystery Kit,Agyrap-S,BF-736989
LI-2929-85,Pippa,Ugoni,Pippa Ugoni,29/03/1995,06/12/2019,Mystery Kit,Apollo,JS-387541
LI-4074-33,Charla,Howie,Charla Howie,16/08/2004,17/07/2020,Mystery Kit,Apollo,BF-433336
LI-5448-82,Dona,Sansum,Dona Sansum,09/12/2001,27/11/2019,Mystery Kit,Agyrap-S,HC-340622
LI-6952-26,Michaelina,Milmo,Michaelina Milmo,28/11/2000,06/08/2020,Food & wine,Agyrap-S,RP-881405
LI-9885-12,Isador,Garroch,Isador Garroch,22/06/1999,06/07/2020,Knitting,Apollo,RP-758236
LI-6944-48,D'arcy,Luddy,D'arcy Luddy,01/06/2004,18/10/2020,Food & wine,Apollo,RP-638976
LI-5918-12,Silvia,Kielt,Silvia Kielt,29/01/2004,08/04/2020,Knitting,Apollo,HC-224434
LI-1886-26,Britni,Curton,Britni Curton,14/05/2007,14/08/2020,Mystery Kit,Agyrap-S,RP-774424
LI-5712-11,Stevena,Gammel,Stevena Gammel,28/09/2002,16/08/2020,Mystery Kit,Kits Dragon,JS-297409
LI-6519-03,Cirstoforo,Fernandez,Cirstoforo Fernandez,17/05/1998,18/09/2020,Painting,Apollo,RP-211471
LI-9894-95,Dieter,Bootherstone,Dieter Bootherstone,25/04/2001,23/08/2020,Mystery Kit,Agyrap-S,RP-333629
LI-1714-75,Ferdinanda,Fisher,Ferdinanda Fisher,20/02/2004,01/09/2020,Painting,Apollo,BF-518962
LI-4210-09,Kermy,Durbann,Kermy Durbann,16/08/2000,19/04/2020,Christmas,Agyrap-S,RP-553474
LI-4535-72,Frederica,Andras,Frederica Andras,11/01/2002,08/04/2020,Mystery Kit,Agyrap-S,BF-481008
LI-7779-38,Cherie,Rosi,Cherie Rosi,03/07/1995,07/11/2019,Mystery Kit,Agyrap-S,BF-136496
LI-8329-35,Robinet,Welman,Robinet Welman,13/01/1996,18/01/2020,Mystery Kit,Apollo,HC-746341
LI-6657-45,Philbert,Fortoun,Philbert Fortoun,04/02/2001,31/12/2019,Mystery Kit,Agyrap-S,RP-849954
LI-3814-28,Roch,Caines,Roch Caines,04/09/2006,19/02/2020,Painting,Phoenix,BF-973166
LI-8486-40,Marco,Heathfield,Marco Heathfield,03/08/2003,02/12/2019,Mystery Kit,Apollo,BF-281974
LI-8039-11,Osgood,Foale,Osgood Foale,29/03/1995,20/09/2020,Knitting,Agyrap-S,RP-256872
LI-8626-32,Ulberto,Dryden,Ulberto Dryden,29/05/1996,17/12/2019,Mystery Kit,Apollo,HC-057304
LI-3918-15,Yardley,Shoebridge,Yardley Shoebridge,04/09/2001,25/08/2020,Painting,Apollo,RP-981786
LI-3064-12,Allistir,Lesurf,Allistir Lesurf,12/11/2007,14/10/2020,Knitting,Anhee-C,HC-100564
LI-1160-07,Nikki,Choules,Nikki Choules,17/03/2002,16/06/2020,Craft,Apollo,BF-978284
LI-9568-83,Ashlen,Prinn,Ashlen Prinn,10/07/2006,10/04/2020,Knitting,Agyrap-S,RP-075952
LI-0157-03,Sada,Spofforth,Sada Spofforth,31/01/2002,04/02/2020,Mystery Kit,Aurora,RP-499284
LI-6771-97,Eve,Bascombe,Eve Bascombe,23/12/1997,26/11/2019,Mystery Kit,Anhee-C,BF-326183
LI-6180-12,Hasty,Zuppa,Hasty Zuppa,19/07/1995,04/11/2019,Knitting,Apollo,BF-260330
LI-9591-54,Desirae,Dotson,Desirae Dotson,24/09/1999,15/11/2019,Mystery Kit,Agyrap-S,BF-777308
LI-8782-29,Sapphire,Bartle,Sapphire Bartle,08/05/1997,30/08/2020,Mystery Kit,Agyrap-S,RP-457910
LI-8112-81,Evered,Leith,Evered Leith,21/09/2003,19/07/2020,Mystery Kit,Agyrap-S,BF-051652
LI-6964-38,Brandyn,Hague,Brandyn Hague,07/03/2003,24/06/2020,Painting,Apollo,HC-428695
LI-9983-07,Dmitri,Karlowicz,Dmitri Karlowicz,19/04/2007,13/03/2020,Mystery Kit,Phoenix,BF-416018
LI-2541-71,Lola,Gofford,Lola Gofford,15/09/1998,19/05/2020,Knitting,Anhee-C,BF-735065
LI-2905-07,La verne,Inglis,La verne Inglis,28/07/1995,24/08/2020,Mystery Kit,Phoenix,RP-742738
LI-5396-20,Chrissie,Onn,Chrissie Onn,11/05/2007,19/01/2020,Craft,Agyrap-S,RP-435216
LI-2663-12,Teodora,Sergean,Teodora Sergean,12/06/2003,29/06/2020,Mystery Kit,Agyrap-S,HC-841804
LI-9700-87,Bren,Andryszczak,Bren Andryszczak,08/04/1998,13/04/2020,Mystery Kit,Anhee-C,RP-440220
LI-1385-29,Angelina,Dudding,Angelina Dudding,08/05/2005,09/07/2020,Knitting,Anhee-C,BF-293583
LI-6859-99,Gustavo,Sulland,Gustavo Sulland,27/09/2002,01/08/2020,Painting,Apollo,BF-777158
LI-1202-93,Monah,Tinan,Monah Tinan,29/05/1998,28/01/2020,Mystery Kit,Agyrap-S,BF-032168
LI-5443-52,Gianina,Clever,Gianina Clever,16/11/1996,21/12/2019,Mystery Kit,Sirius,BF-624009
LI-9299-15,Fayth,Everingham,Fayth Everingham,29/07/1997,25/05/2020,Tech,Agyrap-S,HC-650980
LI-3583-40,Darcy,Colquitt,Darcy Colquitt,04/04/2001,16/04/2020,Mystery Kit,Agyrap-S,RP-321530
LI-8100-71,Missie,Kimbell,Missie Kimbell,19/11/1999,20/05/2020,Painting,Apollo,RP-692143
LI-6970-49,Cazzie,Leopold,Cazzie Leopold,03/04/2004,17/03/2020,Food & wine,Apollo,RP-279087
LI-3321-26,Rafa,Lorrimer,Rafa Lorrimer,15/09/1995,31/12/2019,Mystery Kit,Apollo,JS-419356
LI-5734-68,Brocky,Beaglehole,Brocky Beaglehole,27/10/2007,19/08/2020,Mystery Kit,Apollo,BF-037352
LI-4200-30,Erie,Mc Andrew,Erie Mc Andrew,30/05/2007,14/02/2020,Knitting,Apollo,BF-461997
LI-8736-10,Steve,Bresnahan,Steve Bresnahan,26/02/2004,12/05/2020,Mystery Kit,Anhee-C,RP-855022
LI-1871-96,Hadlee,Marre,Hadlee Marre,12/01/1997,14/10/2020,Painting,Agyrap-S,HC-657989
LI-6493-52,Will,Ughetti,Will Ughetti,09/06/1995,07/10/2020,Mystery Kit,Anhee-C,BF-242474
LI-7897-53,Alanson,Coal,Alanson Coal,20/03/2000,03/05/2020,Knitting,Agyrap-S,BF-029972
LI-8356-69,Brandie,Wisher,Brandie Wisher,13/07/1995,21/08/2020,Mystery Kit,Apollo,BF-310769
LI-3913-44,Leda,Pepall,Leda Pepall,12/07/2003,21/11/2019,Painting,Phoenix,RP-770432
LI-4604-37,Harley,Tilburn,Harley Tilburn,16/01/1998,06/10/2020,Mystery Kit,Agyrap-S,BF-515656
LI-3587-34,Jenni,Ettels,Jenni Ettels,14/06/1998,15/11/2019,Mystery Kit,Apollo,RP-285711
LI-5836-58,Dicky,Croydon,Dicky Croydon,20/07/2001,21/06/2020,Knitting,Anhee-C,HC-406126
LI-8929-54,Brian,Smallridge,Brian Smallridge,02/01/2004,24/02/2020,Mystery Kit,Apollo,JS-676538
LI-5119-36,Gaspar,Gelderd,Gaspar Gelderd,29/03/1995,31/01/2020,Mystery Kit,Agyrap-S,JS-004688
LI-2289-66,Lonnie,Enevoldsen,Lonnie Enevoldsen,21/12/2002,08/05/2020,Mystery Kit,Agyrap-S,BF-832289
LI-1757-77,Gabby,Stockall,Gabby Stockall,21/10/2002,25/05/2020,Mystery Kit,Agyrap-S,BF-744013
LI-7808-06,Concettina,Cregin,Concettina Cregin,24/10/1995,03/11/2019,Mystery Kit,Agyrap-S,RP-760000
LI-7957-98,Camel,Shurville,Camel Shurville,25/10/1998,24/04/2020,Knitting,Agyrap-S,BF-653408
LI-6940-24,Pandora,Leckenby,Pandora Leckenby,21/04/1999,04/05/2020,Painting,Apollo,HC-980678
LI-1856-14,Lottie,Carlucci,Lottie Carlucci,06/06/2000,10/02/2020,Painting,Anhee-C,BF-236739
LI-1952-53,Donalt,de Mendoza,Donalt de Mendoza,23/07/2007,21/11/2019,Mystery Kit,Aurora,RP-331326
LI-0666-89,Rhodia,Milhench,Rhodia Milhench,10/10/2002,13/08/2020,Knitting,Agyrap-S,BF-608328
LI-5804-83,Lynea,Mimmack,Lynea Mimmack,23/11/1995,29/01/2020,Knitting,Agyrap-S,RP-137037
LI-1969-13,Marna,Duffitt,Marna Duffitt,18/03/1996,11/10/2020,Mystery Kit,Agyrap-S,RP-130175
LI-0101-32,Sigvard,Zotto,Sigvard Zotto,15/03/2004,29/10/2020,Mystery Kit,Agyrap-S,JS-060601
LI-5970-25,Rora,Willoughley,Rora Willoughley,03/03/2004,03/09/2020,Mystery Kit,Apollo,JS-209930
LI-2105-74,Betteanne,Ovendon,Betteanne Ovendon,07/03/2006,20/12/2019,Food & wine,Agyrap-S,BF-267576
LI-8733-90,Derek,Shotton,Derek Shotton,11/04/1997,30/10/2020,Knitting,Agyrap-S,BF-820960
LI-1533-94,Freddie,Tetley,Freddie Tetley,14/10/2006,10/06/2020,Knitting,Agyrap-S,RP-893891
LI-7246-91,Bethany,Loade,Bethany Loade,11/12/1997,25/12/2019,Knitting,Aurora,HC-385003
LI-9639-87,Ethelbert,Kiln,Ethelbert Kiln,16/10/2006,03/08/2020,Mystery Kit,Apollo,RP-642104
LI-4551-80,Etta,Segeswoeth,Etta Segeswoeth,17/12/1997,03/10/2020,Knitting,Apollo,RP-720830
LI-3273-49,Janie,Pilcher,Janie Pilcher,23/08/2005,20/09/2020,Mystery Kit,Anhee-C,BF-056827
LI-7527-17,Fransisco,Beddow,Fransisco Beddow,26/04/2005,06/05/2020,Mystery Kit,Agyrap-S,RP-923082
LI-5214-61,Ronnie,Middleton,Ronnie Middleton,16/07/2001,02/02/2020,Knitting,Agyrap-S,BF-539134
LI-9301-73,Nappy,Raison,Nappy Raison,20/10/1998,16/11/2019,Mystery Kit,Agyrap-S,RP-189263
LI-2828-07,Bernardo,Boyington,Bernardo Boyington,11/03/2007,18/10/2020,Knitting,Apollo,RP-430551
LI-0720-78,Goldarina,Banaszewski,Goldarina Banaszewski,31/08/1996,07/12/2019,Mystery Kit,Phoenix,RP-110234
LI-0320-36,Evaleen,Frankland,Evaleen Frankland,04/12/2000,08/02/2020,Food & wine,Aurora,JS-938994
LI-0872-69,Margaretha,Burnitt,Margaretha Burnitt,08/03/1999,05/10/2020,Mystery Kit,Anhee-C,RP-710654
LI-0926-51,Robb,Whoston,Robb Whoston,27/08/2005,29/10/2020,Craft,Phoenix,RP-122703
LI-6210-28,Bette-ann,Rosenbaum,Bette-ann Rosenbaum,02/06/2007,06/02/2020,Mystery Kit,Agyrap-S,RP-258399
LI-5776-59,Lucienne,Gwilt,Lucienne Gwilt,20/03/2004,04/05/2020,Knitting,Agyrap-S,JS-050668
LI-8554-28,Doralynn,Cowdrey,Doralynn Cowdrey,08/01/2004,26/02/2020,Painting,Agyrap-S,BF-339365
LI-9303-67,Carly,Dods,Carly Dods,27/08/2006,06/06/2020,Painting,Apollo,RP-410321
LI-0837-52,Padriac,Guare,Padriac Guare,27/04/1995,07/04/2020,Food & wine,Agyrap-S,HC-235556
LI-3511-10,Elias,Domingues,Elias Domingues,28/10/2007,20/08/2020,Knitting,Agyrap-S,BF-738343
LI-4112-72,Gizela,Bassindale,Gizela Bassindale,25/01/2006,14/11/2019,Mystery Kit,Agyrap-S,BF-672917
LI-3855-97,Hertha,O'Connolly,Hertha O'Connolly,09/10/2002,01/02/2020,Knitting,Agyrap-S,JS-563428
LI-6807-93,Mada,Mangenot,Mada Mangenot,14/10/2002,25/02/2020,Mystery Kit,Agyrap-S,RP-395888
LI-0238-11,Mayer,Stansall,Mayer Stansall,27/02/2006,29/02/2020,Knitting,Phoenix,RP-569998
LI-4909-85,Kali,Vsanelli,Kali Vsanelli,19/04/2002,05/10/2020,Mystery Kit,Agyrap-S,BF-625172
LI-2804-76,Abby,Dominik,Abby Dominik,13/05/1999,13/02/2020,Knitting,Anhee-C,BF-391375
LI-6172-36,Traver,Brettell,Traver Brettell,09/11/1996,05/07/2020,Knitting,Anhee-C,JS-898529
LI-7087-25,Kim,Playden,Kim Playden,18/05/1999,27/07/2020,Knitting,Apollo,BF-209843
LI-7761-31,Cyndi,Audas,Cyndi Audas,25/12/2004,21/10/2020,Painting,Agyrap-S,RP-628168
LI-4053-30,Merry,Colnett,Merry Colnett,02/07/2000,25/08/2020,Food & wine,Agyrap-S,RP-217570
LI-3916-22,Puff,Trewhella,Puff Trewhella,10/06/1996,21/12/2019,Mystery Kit,Agyrap-S,JS-253559
LI-6339-61,Jilleen,Powlett,Jilleen Powlett,30/11/2004,28/04/2020,Mystery Kit,Apollo,HC-855276
LI-7955-77,Aloisia,Malek,Aloisia Malek,17/01/2001,03/05/2020,Mystery Kit,Agyrap-S,RP-931926
LI-3265-41,Cynthia,Ballantine,Cynthia Ballantine,11/09/1999,15/06/2020,Mystery Kit,Agyrap-S,RP-309338
LI-4355-30,Jeana,Gainsborough,Jeana Gainsborough,01/12/1999,26/05/2020,Mystery Kit,Agyrap-S,BF-921983
LI-6161-43,Blane,Barrs,Blane Barrs,25/05/1998,08/06/2020,Painting,Apollo,BF-497435
LI-7956-18,Rahal,Ryles,Rahal Ryles,20/10/2000,06/01/2020,Knitting,Agyrap-S,HC-589691
LI-7131-76,Kinna,Palombi,Kinna Palombi,10/12/2005,22/08/2020,Painting,Agyrap-S,BF-409381
LI-5152-78,Lenee,Frantzen,Lenee Frantzen,20/01/1998,25/03/2020,Mystery Kit,Agyrap-S,BF-074920
LI-8531-51,Lucretia,Egle,Lucretia Egle,29/10/2000,20/01/2020,Knitting,Agyrap-S,RP-778250
LI-5120-33,Chane,Szapiro,Chane Szapiro,06/09/2007,20/02/2020,Mystery Kit,Agyrap-S,BF-838975
LI-8024-67,Aggy,McDermott-Row,Aggy McDermott-Row,10/07/2006,25/01/2020,Mystery Kit,Anhee-C,BF-755692
LI-9230-78,Renaud,Dewberry,Renaud Dewberry,24/10/1995,05/08/2020,Food & wine,Aurora,RP-870371
LI-2398-81,Town,Darcy,Town Darcy,09/05/2005,27/06/2020,Mystery Kit,Aurora,RP-827833
LI-3279-47,Corbin,Elliss,Corbin Elliss,10/02/1999,17/03/2020,Mystery Kit,Aurora,BF-453772
LI-6550-74,Darda,Peppard,Darda Peppard,04/05/1997,22/01/2020,Mystery Kit,Agyrap-S,JS-586613
LI-9826-37,Laughton,Almond,Laughton Almond,15/04/2007,29/07/2020,Mystery Kit,Agyrap-S,RP-870294
LI-5849-80,Tadio,McDonogh,Tadio McDonogh,07/05/1996,27/05/2020,Knitting,Agyrap-S,RP-749717
LI-9014-83,Fredra,Patington,Fredra Patington,28/11/2007,31/08/2020,Mystery Kit,Agyrap-S,HC-612199
LI-1219-24,Kai,Djurisic,Kai Djurisic,04/08/2005,11/08/2020,Mystery Kit,Agyrap-S,RP-926557
LI-5490-25,Lacy,Spring,Lacy Spring,12/08/1998,25/12/2019,Painting,Apollo,BF-096494
LI-8559-84,Mahala,Semeradova,Mahala Semeradova,08/01/1996,13/09/2020,Knitting,Phoenix,JS-005895
LI-6516-26,Donna,Burner,Donna Burner,06/10/2005,14/02/2020,Food & wine,Agyrap-S,HC-060628
LI-1970-07,Belia,Yanshin,Belia Yanshin,22/01/2006,29/08/2020,Mystery Kit,Apollo,BF-556125
LI-3954-54,Paulie,Marczyk,Paulie Marczyk,12/02/1995,06/04/2020,Craft,Agyrap-S,RP-017704
LI-7113-34,Audy,Goodright,Audy Goodright,07/09/2001,11/03/2020,Painting,Agyrap-S,BF-870830
LI-8352-60,Tibold,Fenny,Tibold Fenny,29/06/1997,30/01/2020,Knitting,Phoenix,HC-044650
LI-6482-45,Melva,Jahner,Melva Jahner,29/12/2000,08/07/2020,Knitting,Phoenix,BF-821429
LI-7586-34,Myrta,Graffin,Myrta Graffin,06/11/1999,19/07/2020,Mystery Kit,Agyrap-S,BF-296777
LI-7049-09,Tan,Poate,Tan Poate,24/05/2006,16/01/2020,Mystery Kit,Apollo,RP-761949
LI-6332-38,Ban,Blaasch,Ban Blaasch,04/04/1995,10/08/2020,Mystery Kit,Anhee-C,RP-909300
LI-4788-15,Danielle,O'Skehan,Danielle O'Skehan,15/10/2003,23/06/2020,Mystery Kit,Agyrap-S,HC-964741
LI-7961-66,Bobina,Fedder,Bobina Fedder,06/04/2006,10/04/2020,Mystery Kit,Agyrap-S,RP-468119
LI-7777-54,Maribeth,Hodgen,Maribeth Hodgen,20/03/2003,02/12/2019,Christmas,Agyrap-S,BF-192098
LI-4721-98,Coralie,Itzik,Coralie Itzik,12/11/1995,22/12/2019,Painting,Anhee-C,RP-209293
LI-5060-12,Phelia,Ten Broek,Phelia Ten Broek,25/02/1996,24/02/2020,Mystery Kit,Agyrap-S,BF-571457
LI-2095-42,Curcio,Lavin,Curcio Lavin,23/07/2004,26/05/2020,Mystery Kit,Agyrap-S,BF-779993
LI-2735-68,Massimiliano,Keaveny,Massimiliano Keaveny,15/04/2006,17/07/2020,Knitting,Apollo,RP-281939
LI-3532-95,Vincenty,Robard,Vincenty Robard,01/01/2006,09/05/2020,Mystery Kit,Agyrap-S,JS-856567
LI-5349-67,Konrad,Bernlin,Konrad Bernlin,10/05/2002,09/01/2020,Knitting,Agyrap-S,JS-800863
LI-2764-22,Codi,Davenall,Codi Davenall,30/04/2005,19/05/2020,Knitting,Apollo,BF-760342
LI-4517-34,Denny,Pymer,Denny Pymer,07/12/2000,16/02/2020,Mystery Kit,Apollo,RP-714228
LI-4578-99,Holmes,Fillan,Holmes Fillan,28/10/2005,11/07/2020,Mystery Kit,Apollo,BF-197680
LI-6025-87,Lyell,Dimitriades,Lyell Dimitriades,20/10/2005,01/07/2020,Mystery Kit,Agyrap-S,RP-435202
LI-9843-50,Catlin,Dumberell,Catlin Dumberell,18/12/1996,25/06/2020,Mystery Kit,Anhee-C,RP-927070
LI-1496-16,Connie,Lindup,Connie Lindup,03/08/2004,01/06/2020,Mystery Kit,Anhee-C,RP-423763
LI-3303-57,Jarib,Ryam,Jarib Ryam,11/11/2003,19/01/2020,Painting,Agyrap-S,BF-219466
LI-0748-39,Pasquale,Simnell,Pasquale Simnell,07/03/2007,23/03/2020,Mystery Kit,Agyrap-S,BF-384661
LI-0809-24,Hugh,Dayce,Hugh Dayce,25/02/2001,17/08/2020,Knitting,Anhee-C,JS-482178
LI-7197-84,Nichole,Arlidge,Nichole Arlidge,20/07/1998,14/09/2020,Mystery Kit,Apollo,RP-800727
LI-5871-19,Barrie,Groveham,Barrie Groveham,01/08/2007,26/08/2020,Mystery Kit,Apollo,HC-390530
LI-7030-04,Garvy,Ghidetti,Garvy Ghidetti,17/10/2006,22/02/2020,Painting,Apollo,BF-411091
LI-3138-91,Magdalen,Farquarson,Magdalen Farquarson,16/03/2007,07/11/2019,Food & wine,Anhee-C,BF-905782
LI-9464-10,Murvyn,Longcaster,Murvyn Longcaster,22/10/2004,20/11/2019,Tech,Apollo,BF-209882
LI-9815-93,Carlin,Plaice,Carlin Plaice,03/10/1997,13/11/2019,Knitting,Apollo,BF-663668
LI-7454-37,Mag,McCullagh,Mag McCullagh,30/09/2006,16/06/2020,Mystery Kit,Anhee-C,BF-559844
LI-3644-90,Angel,McCrow,Angel McCrow,04/10/1997,08/12/2019,Mystery Kit,Anhee-C,RP-446804
LI-1880-71,Irvin,Seymark,Irvin Seymark,06/06/2001,16/10/2020,Painting,Agyrap-S,BF-937459
LI-5744-98,Frannie,Christophersen,Frannie Christophersen,26/04/2003,21/07/2020,Mystery Kit,Anhee-C,BF-532556
LI-6259-83,Flynn,Warham,Flynn Warham,03/06/2004,08/01/2020,Mystery Kit,Agyrap-S,BF-911260
LI-6253-23,Merry,Semorad,Merry Semorad,28/03/2001,01/10/2020,Food & wine,Agyrap-S,BF-992237
LI-0680-33,Auguste,Bradnam,Auguste Bradnam,03/08/2002,08/12/2019,Food & wine,Anhee-C,RP-358254
LI-3110-38,Etienne,Nicholas,Etienne Nicholas,24/03/2005,25/03/2020,Mystery Kit,Anhee-C,HC-379936
LI-6242-13,Kristofor,Hise,Kristofor Hise,19/11/1997,24/11/2019,Mystery Kit,Agyrap-S,HC-857707
LI-8885-36,Codi,Pawson,Codi Pawson,21/10/2006,22/06/2020,Painting,Apollo,HC-187736
LI-1449-43,Vi,Longworthy,Vi Longworthy,26/01/1999,22/07/2020,Mystery Kit,Agyrap-S,BF-197909
LI-2215-21,Charlene,Peotz,Charlene Peotz,14/05/2006,11/05/2020,Knitting,Anhee-C,BF-562982
LI-7129-57,Arleen,Rabbatts,Arleen Rabbatts,04/08/2007,20/07/2020,Mystery Kit,Anhee-C,JS-972224
LI-6423-43,Emili,Balassa,Emili Balassa,19/06/2003,26/11/2019,Craft,Agyrap-S,RP-578678
LI-2910-98,Francesco,Fretson,Francesco Fretson,02/10/1996,17/06/2020,Mystery Kit,Apollo,JS-176396
LI-7582-64,Cayla,McPaike,Cayla McPaike,19/02/2006,09/12/2019,Mystery Kit,Apollo,RP-191267
LI-7305-24,Kylila,Giannoni,Kylila Giannoni,12/09/2001,08/10/2020,Mystery Kit,Agyrap-S,BF-334915
LI-4208-05,Vannie,Defraine,Vannie Defraine,08/05/1998,04/04/2020,Mystery Kit,Agyrap-S,BF-897910
LI-8008-56,Enoch,Clitsome,Enoch Clitsome,02/05/2005,21/05/2020,Craft,Agyrap-S,BF-474568
LI-7236-90,Letitia,Castella,Letitia Castella,20/07/2004,01/08/2020,Painting,Apollo,RP-474308
LI-8152-08,Marja,Houlton,Marja Houlton,11/12/1997,13/12/2019,Mystery Kit,Apollo,BF-694872
LI-4128-95,Karia,Antonik,Karia Antonik,26/08/2004,05/09/2020,Craft,Aurora,BF-065795
LI-3732-69,Jayme,Dewan,Jayme Dewan,08/12/2003,29/10/2020,Food & wine,Agyrap-S,BF-131985
LI-0549-63,Winny,Fassbender,Winny Fassbender,12/04/2000,05/08/2020,Painting,Agyrap-S,BF-138261
LI-8622-26,Eberto,Reay,Eberto Reay,31/05/1999,02/08/2020,Knitting,Agyrap-S,BF-817535
LI-6381-61,Betty,Stiegers,Betty Stiegers,10/10/2004,01/07/2020,Knitting,Apollo,BF-295109
LI-5583-49,Wendel,Owttrim,Wendel Owttrim,17/11/2007,07/11/2019,Food & wine,Apollo,HC-609865
LI-8251-30,Regen,Gilloran,Regen Gilloran,02/09/1997,13/10/2020,Painting,Agyrap-S,RP-485741
LI-5745-19,Farrah,Jarmain,Farrah Jarmain,13/09/2005,14/10/2020,Mystery Kit,Anhee-C,BF-631888
LI-0802-37,Shaylah,Stuchberry,Shaylah Stuchberry,28/10/2005,20/07/2020,Mystery Kit,Agyrap-S,BF-315973
LI-2078-26,Derwin,Neave,Derwin Neave,29/06/2005,08/04/2020,Knitting,Agyrap-S,JS-359300
LI-4115-44,Dirk,Jeannot,Dirk Jeannot,07/08/2005,21/12/2019,Mystery Kit,Agyrap-S,BF-723738
LI-3203-44,Pier,Duran,Pier Duran,06/03/1996,18/06/2020,Knitting,Apollo,BF-867049
LI-4518-79,Brynn,Extence,Brynn Extence,14/06/1995,13/02/2020,Mystery Kit,Sirius,RP-307647
LI-5659-76,Malachi,Khoter,Malachi Khoter,04/06/1995,28/12/2019,Mystery Kit,Apollo,BF-315194
LI-6073-91,Alika,Dhillon,Alika Dhillon,03/09/2006,14/06/2020,Mystery Kit,Agyrap-S,JS-900133
LI-6753-70,Leif,McCuffie,Leif McCuffie,05/03/2001,30/03/2020,Mystery Kit,Agyrap-S,BF-838716
LI-1364-19,Morten,Hubane,Morten Hubane,17/05/1997,31/10/2020,Knitting,Agyrap-S,HC-783449
LI-6004-92,Bonnie,Mettricke,Bonnie Mettricke,22/04/1997,04/02/2020,Mystery Kit,Agyrap-S,RP-136090
LI-5592-57,Austen,Balfour,Austen Balfour,13/01/2000,17/01/2020,Knitting,Agyrap-S,HC-419763
LI-4134-82,Connor,Freear,Connor Freear,15/11/2007,17/08/2020,Mystery Kit,Anhee-C,RP-410979
LI-3686-64,Cristal,Prattington,Cristal Prattington,22/03/2002,31/01/2020,Knitting,Aurora,BF-246688
LI-5751-35,Eulalie,Matveichev,Eulalie Matveichev,18/08/2006,16/08/2020,Painting,Apollo,BF-246261
LI-1422-64,Florie,Paolone,Florie Paolone,25/10/2003,06/08/2020,Mystery Kit,Apollo,HC-490102
LI-7299-69,Lynne,Kurdani,Lynne Kurdani,09/12/2004,12/04/2020,Knitting,Agyrap-S,BF-488276
LI-4652-45,Sunny,Hayward,Sunny Hayward,24/12/2002,11/01/2020,Mystery Kit,Agyrap-S,BF-124133
LI-4043-47,Melita,Starcks,Melita Starcks,07/12/1999,04/08/2020,Mystery Kit,Agyrap-S,RP-561431
LI-1977-79,Homerus,Permain,Homerus Permain,31/05/2002,07/11/2019,Mystery Kit,Agyrap-S,RP-806978
LI-7757-90,Fredek,Elsworth,Fredek Elsworth,22/07/2006,17/04/2020,Knitting,Apollo,RP-465042
LI-5614-95,Marya,MacSherry,Marya MacSherry,09/06/1995,26/09/2020,Mystery Kit,Agyrap-S,BF-440880
LI-2867-59,Cindra,Robic,Cindra Robic,02/02/2004,18/08/2020,Painting,Agyrap-S,HC-419880
LI-6003-97,Hobart,Amyes,Hobart Amyes,09/12/1999,20/12/2019,Mystery Kit,Agyrap-S,BF-462108
LI-7102-96,Rosy,Jovis,Rosy Jovis,04/11/1999,31/03/2020,Food & wine,Agyrap-S,RP-130156
LI-4015-45,Cornelia,Timmis,Cornelia Timmis,11/08/1996,09/03/2020,Painting,Agyrap-S,RP-262439
LI-8894-47,Elbert,Ryder,Elbert Ryder,18/02/1998,02/02/2020,Craft,Apollo,BF-405679
LI-5279-85,Oneida,Antat,Oneida Antat,13/02/2003,22/04/2020,Mystery Kit,Apollo,HC-822052
LI-1378-31,Nikolai,Chuney,Nikolai Chuney,14/10/1997,28/10/2020,Mystery Kit,Phoenix,BF-134559
LI-4941-95,Gracia,Baton,Gracia Baton,08/07/2004,28/07/2020,Knitting,Agyrap-S,HC-640687
LI-5967-72,Gerrie,Henrionot,Gerrie Henrionot,04/12/2007,12/04/2020,Food & wine,Agyrap-S,BF-741029
LI-4021-42,Batsheva,Scarffe,Batsheva Scarffe,11/05/2000,09/02/2020,Mystery Kit,Agyrap-S,BF-191289
LI-3739-95,Perkin,Krienke,Perkin Krienke,02/04/2007,17/08/2020,Knitting,Agyrap-S,RP-906324
LI-0725-40,Kylie,Trusty,Kylie Trusty,16/10/2005,21/06/2020,Mystery Kit,Agyrap-S,JS-428528
LI-5055-59,Kassie,Dunstone,Kassie Dunstone,26/02/2006,17/03/2020,Mystery Kit,Agyrap-S,BF-658348
LI-0798-91,Hamilton,Welsby,Hamilton Welsby,14/11/2001,05/01/2020,Painting,Agyrap-S,BF-139524
LI-1988-57,Maurits,Eaden,Maurits Eaden,26/06/2003,14/10/2020,Knitting,Mark 50,BF-741541
LI-2741-56,Milena,McAusland,Milena McAusland,03/09/2005,26/05/2020,Mystery Kit,Agyrap-S,RP-631723
LI-2242-65,Maurie,Clausen,Maurie Clausen,29/04/2007,14/02/2020,Mystery Kit,Phoenix,BF-232241
LI-4148-78,Dagny,Tripney,Dagny Tripney,06/05/2004,06/08/2020,Knitting,Agyrap-S,HC-222278
LI-7863-26,Brice,Konertz,Brice Konertz,23/08/2003,04/08/2020,Painting,Aurora,BF-284742
LI-0572-40,Nesta,Seeks,Nesta Seeks,22/04/1996,16/02/2020,Knitting,Agyrap-S,HC-457595
LI-7091-67,Katya,Dionisetto,Katya Dionisetto,07/10/2001,07/11/2019,Mystery Kit,Agyrap-S,HC-870838
LI-7508-05,Margery,Kingsley,Margery Kingsley,09/11/1996,17/12/2019,Food & wine,Anhee-C,RP-732585
LI-0880-62,Barron,Strangeways,Barron Strangeways,16/05/2004,22/02/2020,Mystery Kit,Agyrap-S,BF-845094
LI-7963-21,Murial,Guiso,Murial Guiso,09/06/2000,22/03/2020,Food & wine,Agyrap-S,BF-120919
LI-1300-77,Francisca,Gruszecki,Francisca Gruszecki,07/12/1996,12/11/2019,Mystery Kit,Agyrap-S,BF-161579
LI-3375-93,Clio,Hourican,Clio Hourican,01/07/1996,15/02/2020,Mystery Kit,Agyrap-S,BF-065286
LI-4610-59,Ronda,Saulter,Ronda Saulter,29/09/1997,29/01/2020,Food & wine,Agyrap-S,JS-346610
LI-7757-99,Mayne,O'Gaven,Mayne O'Gaven,15/06/1999,06/01/2020,Mystery Kit,Apollo,HC-833451
LI-9953-50,Wylma,Downse,Wylma Downse,26/10/2006,19/11/2019,Mystery Kit,Apollo,BF-664683
LI-7986-86,Ebony,Szymanowicz,Ebony Szymanowicz,27/02/1999,29/06/2020,Kids,Anhee-C,BF-755125
LI-9493-06,Nathan,Chismon,Nathan Chismon,07/10/2001,17/05/2020,Knitting,Agyrap-S,HC-420906
LI-4968-65,Lanny,Bamfield,Lanny Bamfield,24/02/1997,04/04/2020,Knitting,Apollo,JS-625885
LI-4666-45,Clementina,Ballaam,Clementina Ballaam,19/02/1998,05/02/2020,Knitting,Apollo,RP-661446
LI-5514-30,Staford,Davydenko,Staford Davydenko,02/03/2000,04/11/2019,Mystery Kit,Agyrap-S,HC-981750
LI-8248-62,Rafaello,Findlow,Rafaello Findlow,03/01/2002,06/01/2020,Mystery Kit,Apollo,BF-086234
LI-3243-37,Morgen,Mitchelmore,Morgen Mitchelmore,02/12/1997,05/11/2019,Painting,Agyrap-S,BF-489830
LI-4169-84,Hermine,Hardeman,Hermine Hardeman,24/03/2007,19/06/2020,Knitting,Agyrap-S,BF-019209
LI-7052-09,Biddie,McCorrie,Biddie McCorrie,12/12/2006,16/03/2020,Knitting,Apollo,BF-182987
LI-4324-70,Esra,Clinkard,Esra Clinkard,30/06/1998,12/07/2020,Mystery Kit,Agyrap-S,HC-884451
LI-3033-14,Janeen,Attwill,Janeen Attwill,28/10/2002,25/10/2020,Christmas,Agyrap-S,BF-892583
LI-7719-22,Hanan,Clynman,Hanan Clynman,07/07/1999,28/01/2020,Knitting,Anhee-C,BF-936641
LI-3647-62,Helyn,Prozescky,Helyn Prozescky,17/04/1995,02/11/2019,Knitting,Agyrap-S,JS-410881
LI-5598-12,Zachary,Bosanko,Zachary Bosanko,06/05/2005,03/05/2020,Knitting,Agyrap-S,HC-539256
LI-5157-19,Quintilla,Borges,Quintilla Borges,19/11/1997,24/09/2020,Painting,Aurora,BF-211820
LI-0757-56,Griff,Thornthwaite,Griff Thornthwaite,06/10/1999,26/02/2020,Knitting,Agyrap-S,BF-398140
LI-3995-30,Clarinda,MacGille,Clarinda MacGille,10/04/1997,03/12/2019,Painting,Anhee-C,BF-065303
LI-1317-10,Shandra,McCartney,Shandra McCartney,21/11/1999,23/06/2020,Knitting,Kits Dragon,BF-564533
LI-9542-58,Othilie,Clemits,Othilie Clemits,07/01/2000,10/03/2020,Knitting,Apollo,RP-763016
LI-2951-41,Alica,Petrolli,Alica Petrolli,28/03/2001,04/02/2020,Food & wine,Mark 50,RP-806607
LI-7806-00,Nels,Accomb,Nels Accomb,16/03/2007,28/09/2020,Painting,Anhee-C,HC-559319
LI-0395-49,Greta,Ezele,Greta Ezele,02/12/2007,05/05/2020,Mystery Kit,Apollo,BF-941213
LI-9396-15,Mikaela,Scriver,Mikaela Scriver,16/05/2007,11/10/2020,Mystery Kit,Phoenix,BF-637172
LI-8158-20,Elvis,Willcocks,Elvis Willcocks,25/03/2004,10/11/2019,Mystery Kit,Phoenix,BF-616337
LI-2416-83,Nadya,Frenzel;,Nadya Frenzel;,20/07/2005,05/06/2020,Mystery Kit,Anhee-C,BF-557931
LI-4426-43,Nickolas,Sweed,Nickolas Sweed,16/12/1999,10/08/2020,Mystery Kit,Agyrap-S,BF-191917
LI-3245-67,Pebrook,Fetterplace,Pebrook Fetterplace,13/06/1997,09/01/2020,Knitting,Agyrap-S,JS-032499
LI-0974-14,Charin,Tomasini,Charin Tomasini,11/10/2005,03/10/2020,Painting,Apollo,HC-183575
LI-9186-22,Olva,Tulley,Olva Tulley,20/05/2000,23/03/2020,Painting,Agyrap-S,HC-249427
LI-1244-52,Sheridan,Cheetham,Sheridan Cheetham,19/06/1998,18/09/2020,Painting,Apollo,HC-801524
LI-7552-91,Marten,Motto,Marten Motto,08/06/1998,21/07/2020,Knitting,Agyrap-S,BF-995310
LI-8100-36,Nert,Hoggan,Nert Hoggan,08/03/2000,19/06/2020,Tech,Agyrap-S,BF-471656
LI-6897-12,Gabrila,Klasen,Gabrila Klasen,19/04/2005,22/11/2019,Food & wine,Proxima-C,RP-281782
LI-9240-02,Jordain,Ovendon,Jordain Ovendon,22/11/2001,07/03/2020,Knitting,Apollo,RP-079792
LI-6875-97,Charlotte,Rathke,Charlotte Rathke,10/02/2002,06/10/2020,Mystery Kit,Agyrap-S,BF-399905
LI-7072-29,Freddy,Schuelcke,Freddy Schuelcke,20/09/1998,06/05/2020,Mystery Kit,Agyrap-S,BF-299155
LI-0641-85,Luciano,Toy,Luciano Toy,10/01/1996,17/10/2020,Painting,Agyrap-S,RP-357384
LI-9876-32,Haven,Parmeter,Haven Parmeter,07/08/1997,27/10/2020,Food & wine,Agyrap-S,BF-678969
LI-6310-29,Palm,Hankey,Palm Hankey,18/08/2003,02/01/2020,Mystery Kit,Agyrap-S,BF-596018
LI-6077-04,Stacee,Axton,Stacee Axton,02/05/1995,06/06/2020,Christmas,Apollo,HC-603518
LI-3507-93,Gisella,Adlem,Gisella Adlem,22/10/1995,23/12/2019,Painting,Apollo,HC-866303
LI-7922-33,Lorianne,Robshaw,Lorianne Robshaw,30/09/1997,30/12/2019,Knitting,Agyrap-S,BF-773684
LI-6764-78,Alvinia,Abisetti,Alvinia Abisetti,24/10/2005,27/11/2019,Mystery Kit,Agyrap-S,RP-860274
LI-2835-15,Maxy,Sporle,Maxy Sporle,03/01/2000,31/10/2020,Mystery Kit,Apollo,RP-000794
LI-0384-88,Jarid,Pentycost,Jarid Pentycost,13/07/2002,11/01/2020,Mystery Kit,Agyrap-S,BF-528668
LI-8187-73,Kellby,Burnard,Kellby Burnard,20/04/2007,26/12/2019,Tech,Agyrap-S,RP-766196
LI-4085-59,Currie,Grim,Currie Grim,10/02/1996,31/12/2019,Painting,Agyrap-S,HC-512026
LI-7101-18,Renaldo,Sawyer,Renaldo Sawyer,05/09/1997,31/08/2020,Knitting,Agyrap-S,RP-313165
LI-0473-32,Gretchen,Clunie,Gretchen Clunie,26/12/2001,22/07/2020,Knitting,Sirius,JS-674550
LI-0074-18,Darby,Sanpher,Darby Sanpher,02/03/1995,04/09/2020,Mystery Kit,Agyrap-S,BF-940454
LI-3135-57,Milton,McCreery,Milton McCreery,28/06/2006,22/10/2020,Mystery Kit,Anhee-C,BF-168654
LI-1890-18,Meredithe,Littler,Meredithe Littler,06/11/2006,07/08/2020,Knitting,Apollo,BF-199046
LI-9808-34,Elie,Yitzowitz,Elie Yitzowitz,06/05/2000,15/02/2020,Painting,Apollo,JS-776812
LI-1714-13,Katinka,Gedge,Katinka Gedge,30/08/1996,31/10/2020,Mystery Kit,Agyrap-S,HC-449153
LI-1220-60,Chickie,Holsall,Chickie Holsall,17/10/2006,27/04/2020,Mystery Kit,Phoenix,RP-003201
LI-9495-04,Saleem,Hawksby,Saleem Hawksby,13/11/2006,18/11/2019,Painting,Apollo,BF-242845
LI-1599-89,Hilton,Hempel,Hilton Hempel,02/10/1997,04/09/2020,Mystery Kit,Agyrap-S,JS-488132
LI-5873-52,Cori,Bartosek,Cori Bartosek,06/03/2007,28/03/2020,Mystery Kit,Agyrap-S,JS-030342
LI-4948-32,Selina,Menloe,Selina Menloe,24/11/2006,14/07/2020,Knitting,Agyrap-S,HC-345810
LI-0188-51,Vincenz,Schleicher,Vincenz Schleicher,24/01/2001,22/10/2020,Mystery Kit,Anhee-C,RP-188845
LI-4232-94,Jada,Bote,Jada Bote,16/07/2007,13/12/2019,Painting,Agyrap-S,RP-008957
LI-7257-68,Lucais,Soper,Lucais Soper,07/10/2006,26/11/2019,Mystery Kit,Agyrap-S,RP-963851
LI-4343-94,Garvy,Lydford,Garvy Lydford,28/04/1998,20/01/2020,Christmas,Agyrap-S,BF-592460
LI-7467-86,Roda,Scawen,Roda Scawen,20/11/2001,25/08/2020,Mystery Kit,Aurora,BF-760705
LI-3675-49,Joaquin,McKag,Joaquin McKag,23/09/1998,15/11/2019,Painting,Agyrap-S,BF-017854
LI-8188-73,Margaretha,Ragate,Margaretha Ragate,30/04/2004,21/07/2020,Knitting,Agyrap-S,RP-946134
LI-6867-31,Shaylynn,Roistone,Shaylynn Roistone,10/05/2003,28/11/2019,Mystery Kit,Agyrap-S,BF-932987
LI-8116-57,Herta,Purkins,Herta Purkins,27/01/2001,12/10/2020,Mystery Kit,Anhee-C,RP-044622
LI-5895-57,Stepha,Pickerill,Stepha Pickerill,05/02/1998,06/02/2020,Mystery Kit,Apollo,RP-343826
LI-8736-60,Brandtr,Prevost,Brandtr Prevost,28/02/2005,30/01/2020,Mystery Kit,Agyrap-S,RP-141191
LI-1445-55,Kerr,Posnett,Kerr Posnett,08/03/2003,22/08/2020,Knitting,Phoenix,JS-787295
LI-4319-49,Ashlen,Hankin,Ashlen Hankin,04/08/1999,09/03/2020,Knitting,Agyrap-S,JS-224831
LI-0343-94,Jaimie,Jarrard,Jaimie Jarrard,26/03/1997,07/12/2019,Mystery Kit,Apollo,BF-294716
LI-2136-72,Kelwin,Bicksteth,Kelwin Bicksteth,10/06/2004,03/09/2020,Mystery Kit,Agyrap-S,BF-219245
LI-5016-83,Abey,Whifen,Abey Whifen,19/07/2007,12/07/2020,Tech,Agyrap-S,BF-075643
LI-3103-91,Haily,Barcke,Haily Barcke,18/09/2007,27/03/2020,Food & wine,Agyrap-S,BF-611071
LI-9325-35,Yves,Waterstone,Yves Waterstone,22/11/2002,01/09/2020,Knitting,Aurora,BF-135554
LI-3530-96,Celina,Doutch,Celina Doutch,07/10/2006,19/06/2020,Painting,Agyrap-S,BF-020071
LI-2946-24,Ginger,Tolossi,Ginger Tolossi,13/03/2000,25/12/2019,Knitting,Phoenix,BF-558008
LI-7569-72,Desiree,Franck,Desiree Franck,15/11/1997,03/07/2020,Mystery Kit,Mark 50,RP-779340
LI-2174-05,Lida,Ebbins,Lida Ebbins,05/02/1997,25/07/2020,Knitting,Agyrap-S,BF-052228
LI-5990-48,Ewan,Tattershall,Ewan Tattershall,14/02/2001,28/05/2020,Knitting,Anhee-C,JS-753455
LI-3286-35,Audra,Ennever,Audra Ennever,10/11/2006,01/06/2020,Mystery Kit,Apollo,BF-054762
LI-3353-54,Mayer,Marten,Mayer Marten,07/07/2007,09/11/2019,Painting,Proxima-C,HC-866899
LI-7527-52,Nata,Merrington,Nata Merrington,20/01/1999,16/12/2019,Mystery Kit,Apollo,JS-284979
LI-0143-65,Agace,MacSharry,Agace MacSharry,19/04/2001,26/03/2020,Mystery Kit,Apollo,HC-632904
LI-9588-79,Lanette,Chauvey,Lanette Chauvey,20/12/2000,13/02/2020,Knitting,Agyrap-S,BF-869239
LI-2890-38,Ronnie,Eydel,Ronnie Eydel,13/07/1995,25/06/2020,Christmas,Agyrap-S,BF-168190
LI-6531-27,Eyde,Bache,Eyde Bache,04/12/2007,26/09/2020,Tech,Apollo,JS-471894
LI-2994-61,Christos,MacFadin,Christos MacFadin,05/04/2006,07/01/2020,Craft,Agyrap-S,BF-751404
LI-7070-97,Sol,Gorey,Sol Gorey,05/10/1998,05/11/2019,Painting,Agyrap-S,BF-283487
LI-9186-05,Afton,Dorsett,Afton Dorsett,03/10/2001,26/07/2020,Knitting,Agyrap-S,JS-868719
LI-7252-94,Kassey,Beckham,Kassey Beckham,03/05/2006,13/06/2020,Mystery Kit,Anhee-C,RP-763995
LI-5409-49,Regine,Dows,Regine Dows,09/09/2004,18/01/2020,Knitting,Agyrap-S,BF-877903
LI-0603-96,Jaime,Hector,Jaime Hector,05/08/1997,14/04/2020,Knitting,Agyrap-S,BF-155405
LI-8807-45,Koralle,Frewer,Koralle Frewer,14/03/1999,14/05/2020,Painting,Proxima-C,HC-657835
LI-4931-05,Alene,Nealand,Alene Nealand,01/01/2004,19/11/2019,Knitting,Agyrap-S,BF-919466
LI-4863-73,Cathy,Beining,Cathy Beining,07/04/2004,08/08/2020,Painting,Anhee-C,RP-616347
LI-7895-58,Nettle,Kill,Nettle Kill,13/03/2005,30/03/2020,Mystery Kit,Agyrap-S,BF-883374
LI-6529-83,Jewell,Fardy,Jewell Fardy,01/01/2001,22/03/2020,Knitting,Apollo,JS-634740
LI-9949-20,Mufinella,Fellona,Mufinella Fellona,12/01/1997,25/03/2020,Knitting,Aurora,BF-376488
LI-4146-74,Ashia,Cashmore,Ashia Cashmore,15/09/2004,24/12/2019,Knitting,Apollo,HC-427420
LI-4545-02,Seumas,Dally,Seumas Dally,31/08/1998,11/09/2020,Mystery Kit,Sirius,BF-425303
LI-6396-68,Brynna,Howison,Brynna Howison,09/02/1998,24/07/2020,Mystery Kit,Aurora,HC-777821
LI-2884-22,Carolan,Hale,Carolan Hale,12/03/2004,07/02/2020,Painting,Apollo,BF-455276
LI-2066-93,Kennie,Cowperthwaite,Kennie Cowperthwaite,09/05/2006,08/03/2020,Mystery Kit,Anhee-C,BF-866249
LI-0270-67,Jo-anne,Wrettum,Jo-anne Wrettum,07/04/2002,23/10/2020,Knitting,Apollo,JS-911095
LI-3881-09,Giuseppe,Jewel,Giuseppe Jewel,22/07/2005,04/12/2019,Food & wine,Anhee-C,BF-546481
LI-7373-05,Wadsworth,Raulstone,Wadsworth Raulstone,26/08/1999,11/02/2020,Craft,Apollo,HC-883388
LI-9000-59,Adrian,Torres,Adrian Torres,08/01/1996,12/07/2020,Mystery Kit,Agyrap-S,RP-564197
LI-4351-29,Daniel,L'Episcopio,Daniel L'Episcopio,19/07/1998,03/10/2020,Knitting,Anhee-C,BF-512906
LI-2017-40,Dulcie,Sallings,Dulcie Sallings,21/08/1995,19/06/2020,Knitting,Agyrap-S,BF-747618
LI-7611-10,Jordon,Corington,Jordon Corington,09/02/2000,18/12/2019,Mystery Kit,Apollo,BF-937576
LI-8498-61,Sabrina,Langham,Sabrina Langham,29/12/2006,30/07/2020,Painting,Aurora,BF-293929
LI-5343-31,Becka,Cook,Becka Cook,31/05/2007,18/07/2020,Mystery Kit,Agyrap-S,BF-068692
LI-6782-85,Marjory,MacCoughen,Marjory MacCoughen,06/09/2007,19/02/2020,Mystery Kit,Agyrap-S,BF-526903
LI-4840-01,Irv,Ziehms,Irv Ziehms,09/08/2003,25/05/2020,Mystery Kit,Agyrap-S,BF-210190
LI-9823-47,Seana,Pinnock,Seana Pinnock,13/01/1999,25/05/2020,Painting,Aurora,HC-306263
LI-7203-09,Vachel,Keasey,Vachel Keasey,23/01/2005,31/10/2020,Painting,Agyrap-S,BF-591076
LI-0729-91,Benoite,Dickins,Benoite Dickins,15/02/2005,30/05/2020,Mystery Kit,Anhee-C,RP-431936
LI-3087-34,Lambert,Goodered,Lambert Goodered,02/07/2007,19/05/2020,Craft,Apollo,BF-921607
LI-0145-87,Bendick,Rowsel,Bendick Rowsel,13/02/2005,15/05/2020,Mystery Kit,Agyrap-S,BF-033350
LI-5690-46,Clovis,Steere,Clovis Steere,11/08/2003,25/11/2019,Mystery Kit,Agyrap-S,JS-954475
LI-3587-56,Stefanie,Rushman,Stefanie Rushman,03/01/1997,11/05/2020,Mystery Kit,Phoenix,RP-697453
LI-0087-11,Ferris,Panswick,Ferris Panswick,25/05/2006,27/03/2020,Mystery Kit,Agyrap-S,RP-761627
LI-1455-57,Erhard,Leechman,Erhard Leechman,05/08/1998,15/10/2020,Food & wine,Apollo,HC-260016
LI-9433-42,Clement,Crickmer,Clement Crickmer,11/05/1997,08/06/2020,Mystery Kit,Proxima-C,JS-233476
LI-9809-18,Olivero,Antognozzii,Olivero Antognozzii,26/11/2004,11/09/2020,Mystery Kit,Apollo,BF-956874
LI-7157-82,Gradeigh,Hurley,Gradeigh Hurley,20/07/2004,04/04/2020,Knitting,Agyrap-S,RP-013201
LI-0978-80,Doralynne,Pendergrast,Doralynne Pendergrast,06/02/2000,05/08/2020,Knitting,Agyrap-S,BF-232737
LI-1228-86,Otis,Lockhart,Otis Lockhart,06/10/1996,18/12/2019,Knitting,Agyrap-S,HC-809821
LI-1036-43,Tracie,Giscken,Tracie Giscken,06/11/2006,27/06/2020,Knitting,Agyrap-S,HC-901694
LI-4397-83,Zulema,Birth,Zulema Birth,17/05/2005,08/02/2020,Mystery Kit,Agyrap-S,JS-470475
LI-1717-24,Jacquenetta,Bowfin,Jacquenetta Bowfin,15/06/2005,23/03/2020,Mystery Kit,Anhee-C,HC-066446
LI-7480-84,Pebrook,Cuskery,Pebrook Cuskery,24/09/2004,25/10/2020,Food & wine,Agyrap-S,BF-445031
LI-9912-88,Alisun,Mantrup,Alisun Mantrup,01/04/2000,27/05/2020,Painting,Apollo,BF-605796
LI-2604-24,Jarid,Marquiss,Jarid Marquiss,25/08/1999,05/12/2019,Mystery Kit,Agyrap-S,JS-141674
LI-5165-61,Mildrid,Houlridge,Mildrid Houlridge,11/04/2000,15/12/2019,Knitting,Apollo,BF-988178
LI-2856-66,Chrissie,Gutridge,Chrissie Gutridge,21/02/2004,26/02/2020,Mystery Kit,Agyrap-S,RP-979662
LI-9089-29,Ogdon,Potzold,Ogdon Potzold,03/03/1995,21/02/2020,Painting,Agyrap-S,BF-368850
LI-3881-11,Hardy,Grimster,Hardy Grimster,06/03/2002,24/07/2020,Mystery Kit,Agyrap-S,BF-357449
LI-6881-75,Atlante,Antonacci,Atlante Antonacci,21/04/1995,29/02/2020,Food & wine,Agyrap-S,RP-086875
LI-8745-00,Tabby,Ingold,Tabby Ingold,22/03/1996,24/07/2020,Craft,Agyrap-S,RP-192431
LI-0257-41,Ford,McQuillin,Ford McQuillin,04/06/1995,28/11/2019,Mystery Kit,Agyrap-S,HC-727384
LI-8052-95,Letta,Carless,Letta Carless,27/05/1999,29/08/2020,Mystery Kit,Phoenix,BF-555488
LI-1355-93,Kelvin,Couthard,Kelvin Couthard,13/12/1997,31/10/2019,Knitting,Agyrap-S,BF-651978
LI-7790-73,Mar,Questier,Mar Questier,12/11/1996,20/02/2020,Mystery Kit,Agyrap-S,RP-633751
LI-4195-84,Kirbie,Pickring,Kirbie Pickring,13/09/2001,07/03/2020,Mystery Kit,Apollo,BF-753127
LI-4738-55,Lorant,MacAloren,Lorant MacAloren,01/09/2005,13/10/2020,Food & wine,Agyrap-S,RP-587860
LI-2610-98,Lexi,Archambault,Lexi Archambault,09/04/2000,04/09/2020,Painting,Agyrap-S,HC-591260
LI-2305-58,Florella,Rustman,Florella Rustman,13/02/1997,03/04/2020,Mystery Kit,Agyrap-S,BF-122514
LI-8583-13,Ynes,Wadelin,Ynes Wadelin,01/10/2006,22/01/2020,Painting,Agyrap-S,BF-078627
LI-6434-70,Corrina,Iley,Corrina Iley,05/08/2005,18/01/2020,Knitting,Agyrap-S,JS-235629
LI-3021-08,Beniamino,Phoenix,Beniamino Phoenix,05/12/2002,09/06/2020,Mystery Kit,Agyrap-S,RP-780536
LI-0107-30,Lisle,Hele,Lisle Hele,28/02/1999,10/08/2020,Food & wine,Anhee-C,RP-197911
LI-2101-56,Louie,Seleway,Louie Seleway,21/10/2006,30/10/2020,Painting,Phoenix,JS-376308
LI-3546-57,Janifer,Dizlie,Janifer Dizlie,13/08/1996,14/08/2020,Craft,Apollo,BF-228401
LI-6534-50,Colline,Santos,Colline Santos,21/08/2000,16/05/2020,Mystery Kit,Agyrap-S,BF-285175
LI-7722-93,Cinderella,Leipelt,Cinderella Leipelt,31/07/1997,30/11/2019,Mystery Kit,Agyrap-S,BF-558505
LI-8765-10,Cele,Blanket,Cele Blanket,14/11/2000,04/12/2019,Mystery Kit,Agyrap-S,BF-266353
LI-2669-43,Edi,Kitson,Edi Kitson,26/10/1998,07/03/2020,Painting,Agyrap-S,BF-587758
LI-4759-31,Sabra,Cobbe,Sabra Cobbe,22/10/1995,13/07/2020,Mystery Kit,Agyrap-S,BF-343320
LI-8748-10,Vicki,Volke,Vicki Volke,07/10/2000,16/11/2019,Mystery Kit,Apollo,BF-803126
LI-2346-09,Charissa,Danis,Charissa Danis,22/09/2001,19/02/2020,Mystery Kit,Agyrap-S,RP-278257
LI-8114-27,Faina,Leagas,Faina Leagas,03/05/2004,09/09/2020,Mystery Kit,Apollo,BF-687504
LI-6858-19,Olimpia,Stockall,Olimpia Stockall,31/03/2005,14/01/2020,Science,Anhee-C,JS-483562
LI-9460-34,Collin,Eldershaw,Collin Eldershaw,13/04/2001,20/08/2020,Knitting,Apollo,HC-965618
LI-3244-16,Vaughan,Andreaccio,Vaughan Andreaccio,19/02/2007,27/03/2020,Painting,Anhee-C,HC-016249
LI-4779-66,Jaquith,Wigglesworth,Jaquith Wigglesworth,20/12/2006,04/02/2020,Mystery Kit,Agyrap-S,BF-631759
LI-3855-37,Stesha,Jozefczak,Stesha Jozefczak,27/06/2004,07/05/2020,Knitting,Agyrap-S,BF-657796
LI-0465-79,Rusty,Orteau,Rusty Orteau,12/01/1996,30/09/2020,Knitting,Anhee-C,RP-178260
LI-3596-02,Arny,Grishagin,Arny Grishagin,13/05/2007,11/04/2020,Knitting,Agyrap-S,RP-036834
LI-3799-55,Hobart,Curtiss,Hobart Curtiss,14/09/1999,22/06/2020,Food & wine,Apollo,BF-806777
LI-9341-09,Randy,Werrit,Randy Werrit,25/09/2001,11/01/2020,Mystery Kit,Agyrap-S,JS-622920
LI-7170-27,Frasco,Canada,Frasco Canada,31/07/1995,31/05/2020,Painting,Agyrap-S,BF-949334
LI-3417-24,Essy,Yurchishin,Essy Yurchishin,09/03/2003,06/05/2020,Mystery Kit,Aurora,RP-374798
LI-7504-60,Henri,Goodrum,Henri Goodrum,29/05/2000,03/02/2020,Mystery Kit,Agyrap-S,BF-652152
LI-4189-47,Harvey,Acome,Harvey Acome,07/10/1996,11/11/2019,Mystery Kit,Apollo,BF-371881
LI-5082-79,Aidan,McLuckie,Aidan McLuckie,12/02/2003,05/12/2019,Craft,Agyrap-S,RP-350485
LI-6377-14,Tobin,Goodey,Tobin Goodey,20/04/1996,18/08/2020,Painting,Apollo,RP-190749
LI-5386-16,Virgilio,Rivel,Virgilio Rivel,22/11/1997,04/12/2019,Mystery Kit,Anhee-C,RP-153573
LI-9034-50,Eugene,Jenckes,Eugene Jenckes,26/08/2005,23/05/2020,Craft,Agyrap-S,HC-648743
LI-0459-71,Lark,Monteith,Lark Monteith,23/09/2004,15/09/2020,Mystery Kit,Anhee-C,RP-660706
LI-4741-37,Morton,Skillings,Morton Skillings,02/08/2004,30/10/2020,Painting,Agyrap-S,RP-470295
LI-7669-38,Reider,Matias,Reider Matias,13/03/1998,01/08/2020,Knitting,Aurora,JS-894885
LI-0304-33,Alfy,Bucktrout,Alfy Bucktrout,31/03/2002,17/09/2020,Mystery Kit,Agyrap-S,RP-609203
LI-9560-31,Luca,Willey,Luca Willey,21/10/1998,25/11/2019,Christmas,Apollo,HC-841133
LI-1448-63,Ericka,Shinfield,Ericka Shinfield,12/11/1996,09/07/2020,Mystery Kit,Anhee-C,BF-397863
LI-7199-71,Jethro,Powley,Jethro Powley,18/11/2002,27/10/2020,Food & wine,Apollo,BF-605740
LI-1055-36,Eden,Sidary,Eden Sidary,10/04/2003,31/07/2020,Mystery Kit,Agyrap-S,BF-143676
LI-5744-85,Hanan,Sorel,Hanan Sorel,07/09/2003,16/01/2020,Mystery Kit,Anhee-C,BF-265400
LI-5366-21,Quillan,O'Rowane,Quillan O'Rowane,29/12/2002,31/10/2019,Mystery Kit,Apollo,RP-083624
LI-4017-07,Willy,Slatcher,Willy Slatcher,14/05/1997,11/11/2019,Knitting,Apollo,RP-185803
LI-1690-71,Thurston,Halsted,Thurston Halsted,19/02/2000,21/01/2020,Knitting,Apollo,JS-289377
LI-0123-39,Waverly,Swendell,Waverly Swendell,09/05/2002,21/10/2020,Mystery Kit,Anhee-C,JS-117454
LI-7217-22,Damara,Ravel,Damara Ravel,05/10/2004,07/06/2020,Painting,Apollo,BF-937005
LI-1504-33,Bradan,Bellamy,Bradan Bellamy,11/08/2001,15/07/2020,Mystery Kit,Apollo,BF-590717
LI-8214-37,Ellsworth,Casetta,Ellsworth Casetta,03/12/1996,07/05/2020,Mystery Kit,Sirius,BF-354499
LI-9089-63,Dayle,Whimpenny,Dayle Whimpenny,22/07/1996,24/11/2019,Knitting,Agyrap-S,BF-090087
LI-3760-40,Darby,Wilgar,Darby Wilgar,18/03/2007,14/08/2020,Mystery Kit,Anhee-C,BF-332479
LI-9261-00,Jordan,Lesaunier,Jordan Lesaunier,27/12/2006,11/05/2020,Craft,Anhee-C,BF-747924
LI-6552-27,Margaretha,Spur,Margaretha Spur,14/10/2003,20/11/2019,Mystery Kit,Sirius,BF-508965
LI-0309-19,Iolande,Jacquemard,Iolande Jacquemard,12/02/2007,24/08/2020,Mystery Kit,Agyrap-S,JS-102691
LI-6248-78,Cornall,McClune,Cornall McClune,28/02/2006,24/07/2020,Painting,Apollo,RP-498843
LI-5550-14,Basia,Humber,Basia Humber,04/07/2007,18/08/2020,Mystery Kit,Agyrap-S,BF-448851
LI-0214-23,Vickie,Scutching,Vickie Scutching,26/12/1998,20/03/2020,Painting,Agyrap-S,RP-422847
LI-8188-21,Fara,Boothroyd,Fara Boothroyd,16/04/2003,24/05/2020,Mystery Kit,Proxima-C,HC-575599
LI-5903-71,Linette,Cordery,Linette Cordery,21/11/2002,10/04/2020,Mystery Kit,Agyrap-S,BF-133764
LI-8486-24,Lorelei,Wheldon,Lorelei Wheldon,16/02/1995,20/03/2020,Mystery Kit,Apollo,BF-715762
LI-4962-42,Eilis,Fould,Eilis Fould,27/04/2003,08/06/2020,Mystery Kit,Sirius,BF-513096
LI-6646-87,Berkly,Lewknor,Berkly Lewknor,05/05/1996,20/07/2020,Knitting,Agyrap-S,RP-665582
LI-3256-30,Fannie,Elstub,Fannie Elstub,24/02/1997,19/07/2020,Mystery Kit,Apollo,BF-344940
LI-5387-95,Jamill,Klimas,Jamill Klimas,24/04/1998,26/06/2020,Knitting,Agyrap-S,HC-148809
LI-7961-74,Lane,Bachellier,Lane Bachellier,22/03/2005,20/11/2019,Mystery Kit,Anhee-C,BF-947375
LI-0122-90,Erhart,Thurnham,Erhart Thurnham,23/07/1996,02/05/2020,Mystery Kit,Agyrap-S,BF-899605
LI-8235-58,Ezmeralda,Bownas,Ezmeralda Bownas,25/02/1996,13/08/2020,Mystery Kit,Aurora,HC-226691
LI-5830-68,Payton,Orridge,Payton Orridge,08/10/2003,18/11/2019,Knitting,Apollo,BF-681918
LI-8812-31,Agretha,Jablonski,Agretha Jablonski,22/11/1998,26/06/2020,Mystery Kit,Agyrap-S,RP-456279
LI-4783-73,Cristina,Rubenfeld,Cristina Rubenfeld,03/12/2007,14/11/2019,Food & wine,Apollo,BF-411112
LI-2511-39,Kirbie,Bernardy,Kirbie Bernardy,28/02/2005,12/03/2020,Food & wine,Agyrap-S,RP-147346
LI-0425-65,Paige,Budden,Paige Budden,11/12/2002,23/10/2020,Mystery Kit,Anhee-C,BF-595984
LI-5476-74,Cathie,Handley,Cathie Handley,13/08/1996,19/06/2020,Knitting,Anhee-C,RP-234955
LI-9902-68,Taber,Beacroft,Taber Beacroft,19/11/1995,03/09/2020,Mystery Kit,Agyrap-S,BF-934101
LI-2261-68,Sigismond,Henningham,Sigismond Henningham,22/01/1997,11/09/2020,Mystery Kit,Anhee-C,BF-174246
LI-4030-81,Mommy,Tilly,Mommy Tilly,25/09/1996,30/08/2020,Mystery Kit,Agyrap-S,BF-760457
LI-9815-79,Karissa,Jacomb,Karissa Jacomb,19/12/1995,14/07/2020,Mystery Kit,Agyrap-S,HC-905873
LI-8234-29,Garrett,Hasard,Garrett Hasard,25/07/1997,24/07/2020,Knitting,Agyrap-S,BF-204669
LI-3657-33,Paige,Looney,Paige Looney,23/05/2003,10/12/2019,Mystery Kit,Apollo,BF-453746
LI-9096-01,Athene,Barnard,Athene Barnard,19/06/2007,28/07/2020,Painting,Aurora,JS-521637
LI-0926-05,Hanny,Meaney,Hanny Meaney,16/11/1999,27/04/2020,Knitting,Apollo,RP-483158
LI-1102-73,Alexi,Fonzone,Alexi Fonzone,24/03/1999,10/01/2020,Knitting,Agyrap-S,BF-026139
LI-9333-23,Raviv,O'Breen,Raviv O'Breen,17/05/2002,24/01/2020,Painting,Aurora,HC-231832
LI-3386-78,Poppy,Gallimore,Poppy Gallimore,31/03/1999,19/03/2020,Mystery Kit,Agyrap-S,BF-235031
LI-4561-21,Stacey,Freeburn,Stacey Freeburn,22/08/1996,23/11/2019,Knitting,Apollo,BF-847342
LI-6139-80,Doris,Gribbell,Doris Gribbell,04/12/2004,07/02/2020,Knitting,Apollo,BF-518412
LI-7199-53,Tamar,Wallbrook,Tamar Wallbrook,12/02/2006,24/02/2020,Food & wine,Agyrap-S,JS-735845
LI-5562-52,Locke,Tremoille,Locke Tremoille,04/01/2007,28/02/2020,Mystery Kit,Agyrap-S,HC-072473
LI-2468-99,Sibylle,Avrasin,Sibylle Avrasin,28/03/2000,28/11/2019,Mystery Kit,Agyrap-S,RP-259276
LI-2248-81,Jacklin,Clemitt,Jacklin Clemitt,14/08/2002,23/01/2020,Mystery Kit,Agyrap-S,RP-920084
LI-7306-00,Bucky,Costain,Bucky Costain,04/09/2005,30/10/2020,Mystery Kit,Agyrap-S,BF-786084
LI-2300-19,Lou,Cherrison,Lou Cherrison,02/01/2007,17/09/2020,Knitting,Agyrap-S,BF-486626
LI-4873-29,Florrie,Dinning,Florrie Dinning,08/12/1996,09/03/2020,Knitting,Apollo,JS-726222
LI-2844-84,Rosalie,Bener,Rosalie Bener,12/08/1999,03/05/2020,Knitting,Agyrap-S,HC-921627
LI-0724-76,Oby,Faulkner,Oby Faulkner,18/09/1996,18/06/2020,Food & wine,Apollo,BF-720683
LI-8301-97,Cori,Rivitt,Cori Rivitt,23/05/1998,02/12/2019,Mystery Kit,Anhee-C,BF-450726
LI-0801-52,Carlyn,Mauro,Carlyn Mauro,13/01/1998,12/01/2020,Mystery Kit,Agyrap-S,JS-839472
LI-6065-39,Charlot,Mattheus,Charlot Mattheus,13/12/1997,01/04/2020,Craft,Agyrap-S,BF-525782
LI-1849-53,Gunter,Areles,Gunter Areles,03/04/2005,14/03/2020,Mystery Kit,Phoenix,BF-341286
LI-4015-38,Ruthie,Gaskal,Ruthie Gaskal,06/04/2004,14/12/2019,Mystery Kit,Apollo,JS-033924
LI-1537-83,Earl,Petera,Earl Petera,10/10/2002,08/08/2020,Knitting,Agyrap-S,BF-913495
LI-1633-27,Keefer,Kissock,Keefer Kissock,18/09/2001,07/12/2019,Food & wine,Agyrap-S,RP-483282
LI-3944-65,Betty,Stinson,Betty Stinson,21/02/1995,29/10/2020,Knitting,Agyrap-S,BF-507254
LI-6022-21,Maggy,Loraine,Maggy Loraine,31/03/2001,03/02/2020,Mystery Kit,Agyrap-S,JS-820980
LI-9760-53,Halsey,McMurraya,Halsey McMurraya,08/06/2002,01/06/2020,Knitting,Aurora,BF-160153
LI-5662-68,Shay,Face,Shay Face,16/04/1996,22/11/2019,Mystery Kit,Agyrap-S,BF-704199
LI-4640-61,Giraldo,Gostall,Giraldo Gostall,01/10/1999,11/06/2020,Mystery Kit,Apollo,BF-295167
LI-9917-34,Fernandina,Shwalbe,Fernandina Shwalbe,10/04/2005,08/04/2020,Mystery Kit,Apollo,BF-100653
LI-6493-05,Marga,Carn,Marga Carn,11/11/2002,13/09/2020,Knitting,Anhee-C,RP-996075
LI-6227-21,Arabel,Ragat,Arabel Ragat,31/12/2000,09/10/2020,Knitting,Agyrap-S,BF-651738
LI-4238-43,Wes,O'Fielly,Wes O'Fielly,14/11/1997,17/11/2019,Mystery Kit,Agyrap-S,BF-611435
LI-8463-40,Winnie,Gingedale,Winnie Gingedale,16/09/2001,22/01/2020,Craft,Apollo,RP-702986
LI-1454-09,Sandor,Cathrae,Sandor Cathrae,09/06/2005,12/11/2019,Knitting,Apollo,RP-071815
LI-5555-20,Hinda,Tennant,Hinda Tennant,16/03/2004,12/04/2020,Mystery Kit,Aurora,BF-317306
LI-2109-90,Immanuel,Leebeter,Immanuel Leebeter,11/01/1996,29/04/2020,Mystery Kit,Anhee-C,BF-807416
LI-6567-35,Pembroke,Tribbeck,Pembroke Tribbeck,19/11/1997,06/08/2020,Mystery Kit,Anhee-C,BF-198758
LI-5891-97,Virgie,Pawlata,Virgie Pawlata,09/01/1998,24/05/2020,Knitting,Phoenix,BF-256858
LI-8888-32,Xever,Howett,Xever Howett,08/08/1995,01/11/2019,Mystery Kit,Agyrap-S,BF-076260
LI-4740-62,Margeaux,Cutmore,Margeaux Cutmore,17/03/2001,26/02/2020,Mystery Kit,Agyrap-S,RP-893707
LI-9788-72,Lindie,Simnett,Lindie Simnett,20/04/2000,06/01/2020,Mystery Kit,Agyrap-S,BF-167407
LI-9860-97,Marieann,Basill,Marieann Basill,28/06/2004,21/03/2020,Knitting,Agyrap-S,BF-838222
LI-9431-31,Rozalie,Chafer,Rozalie Chafer,12/09/2003,06/09/2020,Knitting,Agyrap-S,BF-584037
LI-1959-28,Raymund,Chubb,Raymund Chubb,03/12/2003,02/06/2020,Mystery Kit,Agyrap-S,BF-723256
LI-6677-77,Desmond,Philbrick,Desmond Philbrick,07/02/2001,14/03/2020,Craft,Agyrap-S,BF-060298
LI-7585-06,Noemi,Snodin,Noemi Snodin,17/03/2002,29/07/2020,Food & wine,Apollo,RP-537741
